nobeli,namasup,nilaifak,jumlah,total,kodesup,satauan_brg
BL-452161,MINISARI ROTI,351000,100,35100000,MR,BUAH
BL-452162,MADUSARI RT,141000,100,14100000,MS,BUAH
BL-452163,PERMEN,200000,100,20000000,PRM,BUAH
BL-452164,FREELINE,370000,30,11100000,FREE,BUAH
BL-452165,ARTA BOGA,1330013,30,39900390,AB,BUAH
BL-452166,TRI USAHA JAYA,3930421.2,30,117912636,TUJ,BUAH
BL-452167,FREELINE,80000,30,2400000,FREE,PACK
BL-452168,JAMBU BRAND PEANUT,599750,30,17992500,JBP,PACK
BL-452169,ADY CIPTA BAROKAH,20000,30,600000,ACB,PACK
BL-452170,CAMPINA ICE CREAM,417615.3,30,12528459,CIC,PACK
BL-452171,SOLUNA,281000,30,8430000,SKAB,PACK
BL-452172,SOSRO,183500,30,5505000,SSRO,PACK
BL-452173,TEH DANDANG,189000,30,5670000,DD,PACK
BL-452174,COCA COLA,475000,30,14250000,CC,PACK
BL-452175,TJAHYONO ABADI,1594268.64,30,47828059.2,TA,PACK
BL-452176,MORODADI,3652142,30,109564260,MD,PACK
BL-452177,PT TIRTA PRIMA RASA BLORA,341670,30,10250100,BS,PACK
BL-452178,FREELINE,240000,30,7200000,FREE,PACK
BL-452179,NATHAN JAYA,1845000,30,55350000,NJY,BUAH
BL-452180,PUTRA SATRIA,8970000,30,269100000,PUSAT,BUAH
BL-452181,SUMBER BAROKAH,240000,30,7200000,SMBR,BUAH
BL-452182,JAVAS TRIPTA GEMALA,373362,78,29122236,JTG,BUAH
BL-452183,EFATA ROTI,32000,98,3136000,EFT,BUAH
BL-452184,MUSTIKA JAYA,918167.33,78,71617051.74,MTKJ,BUAH
BL-452185,YAKULT,113000,65,7345000,Y,BUAH
BL-452186,SUMBER PELITA MATARAM,302364,67,20258388,SPM,BUAH
BL-452187,CV WAHYU JAYA,177100,65,11511500,WJ,BUAH
BL-452188,PERMEN,336025,300,100807500,PRM,BUAH
BL-452189,GALAKSI,283817.76,100,28381776,GL,BUAH
BL-452190,GALAKSI,1153485.36,100,115348536,GL,BUAH
BL-452191,GALAKSI,877887.9,100,87788790,GL,BUAH
BL-452192,SEMESTA ND,172484.01,89,15351076.89,SND,BUAH
BL-452193,SEMESTA ND,264631.6,42,11114527.2,SND,BUAH
BL-452194,SEMESTA ND,89561.46,4,358245.84,SND,BUAH
BL-452195,SEMESTA ND,71999.04,24,1727976.96,SND,BUAH
BL-452196,UBA SNACK,234000,34,7956000,UBAS,BUAH
BL-452197,ANA,629000,98,61642000,ANA,BUAH
BL-452198,ULTRAJAYA,1138500,76,86526000,UJ,BUAH
BL-452199,TJAHYONO ABADI,274125.6,87,23848927.2,TA,BUAH
BL-452200,TJAHYONO ABADI,169830,56,9510480,TA,BUAH
BL-452201,TJAHYONO ABADI,219025.2,44,9637108.8,TA,BUAH
BL-452202,TJAHYONO ABADI,1049849.1,5,5249245.5,TA,BUAH
BL-452203,TJAHYONO ABADI,378609.88,35,13251345.8,TA,BUAH
BL-452204,GERABAH KHORI,923000,453,418119000,GK,BUAH
BL-452205,SINAR ABADI,868536,33,28661688,SAB,BUAH
BL-452206,BORWITA,257901,321,82786221,TTW,BUAH
BL-452207,MITRA SARI CL,38250,31,1185750,MSCL,BUAH
BL-452208,JAS HUJAN,3344250,23,76917750,JH,BUAH
BL-452209,FREELINE,121588,1,121588,FREE,BUAH
BL-452210,CV WAHYU JAYA,1150350,23,26458050,WJ,BUAH
BL-452211,AZKA,717000,231,165627000,NKMT,BUAH
BL-452212,USAHA BERKAH,676000,23,15548000,UB,BUAH
BL-452213,FREELINE,180000,21,3780000,FREE,BUAH
BL-452214,INDOMARCO,3172200,22,69788400,IDM,BUAH
BL-452215,SUKUN,1151975,23,26495425,SKN,BUAH
BL-452216,DWI JAYA,405500,23,9326500,DJ,BUAH
BL-452217,FREELINE,4280000,25,107000000,FREE,BUAH
BL-452218,KRIDHA MNP,152987.97,25,3824699.25,KMNP,BUAH
BL-452219,DJARUM,1565000,25,39125000,SCM,BUAH
BL-452220,PRAMUKA,618000,25,15450000,PRMK,BUAH
BL-452221,FREELINE,142500,25,3562500,FREE,BUAH
BL-452222,PERMEN,190000,25,4750000,PRM,BUAH
BL-452223,TIGA RAKSA SATRIA,497676,25,12441900,TG,BUAH
BL-452224,FREELINE,1513998,25,37849950,FREE,BUAH
BL-452225,SAPUTRO ABADI,206887.35,25,5172183.75,SAK,BUAH
BL-452226,PT TEMPO,158100,25,3952500,TMP,BUAH
BL-452227,PT ENSEVAL PM,1588807,25,39720175,EPM,BUAH
BL-452228,INDOMARCO,2456197,25,61404925,IDM,BUAH
BL-452229,TRI USAHA JAYA,219837.72,25,5495943,TUJ,BUAH
BL-452230,TRI USAHA JAYA,982402.73,25,24560068.25,TUJ,BUAH
BL-452231,TRI USAHA JAYA,296901.69,25,7422542.25,TUJ,BUAH
BL-452232,FREELINE,1296222,25,32405550,FREE,BUAH
BL-452233,BINTANG ARIEF,2115000,25,52875000,ALM,BUAH
BL-452234,POCARI SWEAT,539500,25,13487500,PS,BUAH
BL-452235,GAWIH JAYA,264100,25,6602500,GJ,BUAH
BL-452236,AIR MANCUR,1484000,134,198856000,AM,BUAH
BL-452237,NIKMAT,1400000,134,187600000,NMT,BUAH
BL-452238,VENUS,319000,134,42746000,VNS,BUAH
BL-452239,PT GUNUNG SUBUR,137598.93,134,18438256.62,GN,BUAH
BL-452240,SINAR BAKERI,286000,134,38324000,SNB,BUAH
BL-452241,GABREZ STIKER,40000,134,5360000,GZ,BUAH
BL-452242,FREELINE,1840000,134,246560000,FREE,BUAH
BL-452243,MICKEY SNACK,2040000,134,273360000,MCKY,BUAH
BL-452244,SURYA MADISTRINDO,1285000,134,172190000,SM,BUAH
BL-452245,ROTI KITA,156000,134,20904000,RK,BUAH
BL-452246,MITRA SEHATI SEKATA,891294,134,119433396,MSS,BUAH
BL-452247,MITRA SEHATI SEKATA,450630,134,60384420,MSS,BUAH
BL-452248,RIZKY SNACK,257000,134,34438000,RIZKY,BUAH
BL-452249,JAYA BERHASIL B,1940374.35,134,260010162.9,JBB,BUAH
BL-452250,SARINAH,650000,134,87100000,SRN,BUAH
BL-452251,TIGA RAKSA SATRIA,510009.48,134,68341270.32,TG,BUAH
BL-452252,PT HM SAMPOERNA TBK,1141700,134,152987800,SPRN,BUAH
BL-452253,INDOCAFE,943550,134,126435700,IDC,BUAH
BL-452254,INDOCAFE,391260,134,52428840,IDC,BUAH
BL-452255,CITRA NIAGA KL,6659478,134,892370052,CKL,BUAH
BL-452256,FASTRATA,808070.01,134,108281381.34,FST,BUAH
BL-452257,SASA,310500,134,41607000,SASA,BUAH
BL-452258,PT SUKA SARI,123000,134,16482000,PT SS,BUAH
BL-452259,ANUGERAH JAYA,172000,134,23048000,MM,BUAH
BL-452260,ANUGERAH JAYA,406459,134,54465506,MM,BUAH
BL-452261,ANUGERAH JAYA,2353930.5,134,315426687,MM,BUAH
BL-452262,FREELINE,523750,134,70182500,FREE,BUAH
BL-452263,MAKIN JAYA,440999,134,59093866,MK,BUAH
BL-452264,YAKULT,539500,134,72293000,Y,BUAH
BL-452265,PT KOREA TOMORROW,531500,134,71221000,15,BUAH
BL-452266,SURYA KS,1023770,134,137185180,PTSKS,BUAH
BL-452267,MULIA SEJAHTERA,785976,134,105320784,SNS,BUAH
BL-452268,FREELINE,416938.98,134,55869823.32,FREE,BUAH
BL-452269,WARDAH PUTRI,1285192.62,134,172215811.08,WP,BUAH
BL-452270,WARDAH PUTRI,4943728.64,134,662459637.76,WP,BUAH
BL-452271,PT DISTRIVERSA BUANA MAS,603285,134,80840190,DBM,BUAH
BL-452272,FREELINE,320000,134,42880000,FREE,BUAH
BL-452273,PT SAI INDONESIA,782199.24,134,104814698.16,SAI,BUAH
BL-452274,MONALISA ROTI,116000,134,15544000,MNLS,BUAH
BL-452275,KELINCI MAS,362000,134,48508000,KM,BUAH
BL-452276,TARUNAKUSUMA P,246082.56,134,32975063.04,TP,BUAH
BL-452277,FREELINE,1284904,134,172177136,FREE,BUAH
BL-452278,ADY CIPTA BAROKAH,605000,134,81070000,ACB,BUAH
BL-452279,MADUSARI RT,130000,134,17420000,MS,BUAH
BL-452280,ATK,3486227,134,467154418,ATK,BUAH
BL-452281,MINISARI ROTI,352000,134,47168000,MR,BUAH
BL-452282,FREELINE,320220,134,42909480,FREE,BUAH
BL-452283,COCA COLA,288300,134,38632200,CC,BUAH
BL-452284,PT TIRTA PRIMA RASA BLORA,484266.1,134,64891657.4,BS,BUAH
BL-452285,PERMEN,110000,134,14740000,PRM,BUAH
BL-452286,MORODADI,2118250,134,283845500,MD,BUAH
BL-452287,DEFA PARFUM,489000,134,65526000,DFP,BUAH
BL-452288,CLEO,225000,134,30150000,CLEO,BUAH
BL-452289,FREELINE,434400,134,58209600,FREE,BUAH
BL-452290,FREELINE,360000,134,48240000,FREE,BUAH
BL-452291,PT K33 DISTRIBUSI,309536.82,134,41477933.88,K33,BUAH
BL-452292,MUSTIKA JAYA,1500000,134,201000000,MTKJ,BUAH
BL-452293,MUSTIKA JAYA,394766,134,52898644,MTKJ,BUAH
BL-452294,MUSTIKA JAYA,605980,134,81201320,MTKJ,BUAH
BL-452295,SUMBER BAROKAH,995000,134,133330000,SMBR,BUAH
BL-452296,ARIETA FOODS,760000,134,101840000,AF,BUAH
BL-452297,FREELINE,500000,134,67000000,FREE,BUAH
BL-452298,FREELINE,288000,134,38592000,FREE,BUAH
BL-452299,CV WAHYU JAYA,1334300,134,178796200,WJ,BUAH
BL-452300,EFATA ROTI,688000,134,92192000,EFT,BUAH
BL-452301,PERMEN,526000,134,70484000,PRM,BUAH
BL-452302,AZKA,985000,134,131990000,NKMT,BUAH
BL-452303,CITRA NIAGA KL,18108206.82,134,2426499713.88,CKL,BUAH
BL-452304,SUKUN,511980,134,68605320,SKN,PACK
BL-452305,TJAHYONO ABADI,364968,134,48905712,TA,PACK
BL-452306,SOSRO,129756.78,134,17387408.52,SSRO,PACK
BL-452307,SARI RASA,14850,134,1989900,SRRS,PACK
BL-452308,AE JAYA BATU,240000,134,32160000,AE,PACK
BL-452309,DJARUM,1875500,134,251317000,SCM,PACK
BL-452310,FREELINE,413000,134,55342000,FREE,PACK
BL-452311,SOZZIS,885000,134,118590000,SZ,PACK
BL-452312,SO GOOD FOOD,683508.4,134,91590125.6,S G,PACK
BL-452313,MUSTIKA JAYA,1554900,134,208356600,MTKJ,PACK
BL-452314,INDOMARCO,1671077,134,223924318,IDM,PACK
BL-452315,INDOMARCO,767977,134,102908918,IDM,PACK
BL-452316,FREELINE,110000,134,14740000,FREE,PACK
BL-452317,FREELINE,595000,134,79730000,FREE,PACK
BL-452318,PINUS MERAH ABADI,298108.99,134,39946604.66,PT PM,PACK
BL-452319,FASTRATA,290282.76,134,38897889.84,FST,PACK
BL-452320,PT KOREA TOMORROW,510000,134,68340000,15,PACK
BL-452321,NIAGA NUSA ABADI,433000,134,58022000,NNA,PACK
BL-452322,SUMBER PELITA MATARAM,302364,134,40516776,SPM,PACK
BL-452323,SASA,288000,134,38592000,SASA,PACK
BL-452324,ROTI KITA,131000,134,17554000,RK,PACK
BL-452325,FREELINE,626500,134,83951000,FREE,PACK
BL-452326,ULTRAJAYA,490500,134,65727000,UJ,PACK
BL-452327,TARUNAKUSUMA P,605827.82,134,81180927.88,TP,PACK
BL-452328,PINUS MERAH ABADI,475107.47,134,63664400.98,PT PM,PACK
BL-452329,UD SUKA CITA,550000,134,73700000,SC,PACK
BL-452330,PT TIRTA PRIMA RASA BLORA,343568,134,46038112,BS,PACK
BL-452331,GALAKSI,63909.36,134,8563854.24,GL,PACK
BL-452332,ZAKITA,7413000,134,993342000,ZKT,PACK
BL-452333,FREELINE,686000,134,91924000,FREE,PACK
BL-452334,TANJUNG,2036150,134,272844100,TJG,PACK
BL-452335,DWI JAYA,488700,134,65485800,DJ,PACK
BL-452336,USAHA BERKAH,6357000,134,851838000,UB,PACK
BL-452337,"TOKO ""MIDA""AF",1813000,134,242942000,MIDA,PACK
BL-452338,UD SUPARTI PUTRI,4087000,134,547658000,USP,PACK
BL-452339,FREELINE,2504549,134,335609566,FREE,PACK
BL-452340,JAS HUJAN,2700500,134,361867000,JH,PACK
BL-452341,TANJUNG,593500,134,79529000,TJG,PACK
BL-452342,COCA COLA,388300,134,52032200,CC,PACK
BL-452343,ZAKITA,1817000,134,243478000,ZKT,PACK
BL-452344,GERABAH KHORI,2016000,134,270144000,GK,PACK
BL-452345,LESTARI SNACK,820000,134,109880000,LSTR,PACK
BL-452346,TOKO KITA BARU,1356000,134,181704000,KB,PACK
BL-452347,EFATA ROTI,156000,134,20904000,EFT,PACK
BL-452348,PERMEN,718000,134,96212000,PRM,PACK
BL-452349,SUKUN,379635,134,50871090,SKN,PACK
BL-452350,SOZZIS,1415000,134,189610000,SZ,PACK
BL-452351,ARDINI,1147500,134,153765000,ARD,PACK
BL-452352,DJARUM,1484500,134,198923000,SCM,PACK
BL-452353,COCA COLA,168000,134,22512000,CC,PACK
BL-452354,PT TIRTA PRIMA RASA BLORA,343430,134,46019620,BS,PACK
BL-452355,SOSRO,438500,134,58759000,SSRO,PACK
BL-452356,CAMPINA ICE CREAM,239999.76,134,32159967.84,CIC,PACK
BL-452357,TJAHYONO ABADI,431775.57,134,57857926.38,TA,PACK
BL-452358,MINISARI ROTI,70000,134,9380000,MR,PACK
BL-452359,PT JAYA ABADI DISTRIBUSI,901519.87,134,120803662.58,YJA,PACK
BL-452360,ADY CIPTA BAROKAH,60000,134,8040000,ACB,PACK
BL-452361,ANDRA KRIPIK TEMPE,195000,134,26130000,KT,PACK
BL-452362,SURYA MADISTRINDO,1250875,134,167617250,SM,PACK
BL-452363,SEMESTA ND,70500.54,134,9447072.36,SND,PACK
BL-452364,GALAKSI,18951.03,134,2539438.02,GL,PACK
BL-452365,PRAMUKA,416000,134,55744000,PRMK,PACK
BL-452366,RAHAYU,255000,134,34170000,RHY,PACK
BL-452367,UD SRI REJEKI,775000,134,103850000,SR,PACK
BL-452368,CV WAHYU JAYA,1685900,25,42147500,WJ,PACK
BL-452369,SEMESTA ND,34498.8,25,862470,SND,PACK
BL-452370,KRIDHA MNP,320496.96,25,8012424,KMNP,PACK
BL-452371,ORANG ARING,279744,25,6993600,OA,PACK
BL-452372,BLORA MAKMUR,668797.2,25,16719930,BM,PACK
BL-452373,AIR MANCUR,2125499,25,53137475,AM,PACK
BL-452374,AIR MANCUR,874000,25,21850000,AM,PACK
BL-452375,FREELINE,2284500,25,57112500,FREE,PACK
BL-452376,SINAR ABADI,5671002,25,141775050,SAB,PACK
BL-452377,GALAKSI,672741.96,25,16818549,GL,PACK
BL-452378,GALAKSI,775583.64,25,19389591,GL,PACK
BL-452379,GALAKSI,232101,25,5802525,GL,PACK
BL-452380,GALAKSI,286239.03,25,7155975.75,GL,PACK
BL-452381,ULTRAJAYA,1308800,25,32720000,UJ,PACK
BL-452382,INTIDAYA RM,319394,25,7984850,IRM,PACK
BL-452383,CITRA NIAGA KL,5224376,25,130609400,CKL,PACK
BL-452384,PT ENSEVAL PM,392489.37,25,9812234.25,EPM,PACK
BL-452385,PT LAMCOS ABADI JAYA,1414566.24,25,35364156,LAJ,PACK
BL-452386,PARIT PADANG GLOBAL,644632.5,25,16115812.5,PP,PACK
BL-452387,UNTUNG JAYA,1576498.77,25,39412469.25,UJY,PACK
BL-452388,PT TEMPO,1344587,25,33614675,TMP,PACK
BL-452389,ROTI KITA,125000,25,3125000,RK,PACK
BL-452390,PT TEMPO,4214778,25,105369450,TMP,PACK
BL-452391,MONALISA ROTI,52000,25,1300000,MNLS,PACK
BL-452392,NIKMAT,729000,25,18225000,NMT,PACK
BL-452393,VENUS,254000,25,6350000,VNS,PACK
BL-452394,SINAR BAKERI,286000,25,7150000,SNB,PACK
BL-452395,MITRA SARI CL,108450,25,2711250,MSCL,PACK
BL-452396,NIKMAT,70000,25,1750000,NMT,PACK
BL-452397,SURYA MADISTRINDO,1338850,25,33471250,SM,PACK
BL-452398,NAT,4221154.14,25,105528853.5,NAT,PACK
BL-452399,PT HM SAMPOERNA TBK,433000,25,10825000,SPRN,PACK
BL-452400,MITRA SEHATI SEKATA,1115913,25,27897825,MSS,PACK
BL-452401,TIGA RAKSA SATRIA,3302413.15,25,82560328.75,TG,PACK
BL-452402,JAVAS TRIPTA GEMALA,272297,25,6807425,JTG,PACK
BL-452403,MUSTIKA JAYA,1203484.48,25,30087112,MTKJ,PACK
BL-452404,MUSTIKA JAYA,974103.5,25,24352587.5,MTKJ,PACK
BL-452405,CV MEKAR TERUS,270750,25,6768750,MKTR,PACK
BL-452406,LAMPU,345000,25,8625000,LP,PACK
BL-452407,TJAHYONO ABADI,657349.41,25,16433735.25,TA,PACK
BL-452408,PINUS MERAH ABADI,154000.44,25,3850011,PT PM,PACK
BL-452409,JAYA KOSMETIK,1100000,25,27500000,JK,PACK
BL-452410,PT ENSEVAL PM,972253.62,25,24306340.5,EPM,PACK
BL-452411,MARGA NJ,77539.05,25,1938476.25,SI,PACK
BL-452412,MULIA SEJAHTERA,683493,70,47844510,SNS,PACK
BL-452413,MENSA BINASUKSES,444013.32,70,31080932.4,MB,PACK
BL-452414,TRI USAHA JAYA,260605.8,70,18242406,TUJ,PACK
BL-452415,GALAKSI,3323154.3,70,232620801,GL,PACK
BL-452416,CATUR SENTOSA A,913294.85,70,63930639.5,CSA,PACK
BL-452417,SINARMAS,18722465.78,70,1310572604.6,SNRM,PACK
BL-452418,MARGA NJ,289056.21,70,20233934.7,SI,PACK
BL-452419,RCI KAPAS,419719,70,29380330,RCI,PACK
BL-452420,PINUS MERAH ABADI,95200,70,6664000,PT PM,PACK
BL-452421,PT TIRTA PRIMA RASA BLORA,348758,70,24413060,BS,PACK
BL-452422,ANUGERAH JAYA,483504,70,33845280,MM,PACK
BL-452423,CITRA NIAGA KL,5657108,70,395997560,CKL,PACK
BL-452424,MORODADI,590000,70,41300000,MD,PACK
BL-452425,TJAHYONO ABADI,131976,70,9238320,TA,PACK
BL-452426,SASA,293000,70,20510000,SASA,PACK
BL-452427,AJINOMOTO,349988,70,24499160,AJ,PACK
BL-452428,PT KOREA TOMORROW,333000,70,23310000,15,PACK
BL-452429,TARUNAKUSUMA P,250148.32,70,17510382.4,TP,PACK
BL-452430,FASTRATA,466025.73,70,32621801.1,FST,PACK
BL-452431,PT MNB,866700,25,21667500,MNB,PACK
BL-452432,PT SUKA SARI,158400,25,3960000,PT SS,PACK
BL-452433,FREELINE,530000,25,13250000,FREE,PACK
BL-452434,FREELINE,1478250,25,36956250,FREE,PACK
BL-452435,FASTRATA,470998.53,25,11774963.25,FST,PACK
BL-452436,PT TEMPO,357000,25,8925000,TMP,PACK
BL-452437,CITRA NIAGA KL,9768297.5,25,244207437.5,CKL,PACK
BL-452438,FREELINE,110000,25,2750000,FREE,PACK
BL-452439,YAKULT,402500,25,10062500,Y,PACK
BL-452440,INTAN ALAM INDAH,509267,25,12731675,IAI,PACK
BL-452441,HSP KC,1035000,25,25875000,HSP,PACK
BL-452442,FREELINE,322000,25,8050000,FREE,PACK
BL-452443,INDOCAFE,247400,25,6185000,IDC,PACK
BL-452444,MADU NUSANTARA,72000,25,1800000,MDS,PACK
BL-452445,FREELINE,835000,25,20875000,FREE,PACK
BL-452446,TENG-SEMARANG,3753750,25,93843750,TENG,PACK
BL-452447,TENG-SEMARANG,14135000,25,353375000,TENG,PACK
BL-452448,TENG-SEMARANG,6019750,25,150493750,TENG,PACK
BL-452449,MONALISA ROTI,132000,25,3300000,MNLS,PACK
BL-452450,SARI RASA,137250,25,3431250,SRRS,PACK
BL-452451,PT SAI INDONESIA,169748.97,25,4243724.25,SAI,PACK
BL-452452,PT SAI INDONESIA,1565524.02,25,39138100.5,SAI,PACK
BL-452453,WARDAH PUTRI,3801272.27,25,95031806.75,WP,PACK
BL-452454,INDOMARCO,2260051,25,56501275,IDM,PACK
BL-452455,INDOMARCO,1555255,25,38881375,IDM,PACK
BL-452456,TONG TJI,298000,25,7450000,TT,PACK
BL-452457,YAKULT,113000,25,2825000,Y,PACK
BL-452458,PERMEN,100000,25,2500000,PRM,PACK
BL-452459,PINUS MERAH ABADI,129200,25,3230000,PT PM,PACK
BL-452460,TEH DANDANG,106798.65,25,2669966.25,DD,PACK
BL-452461,COCA COLA,490700,25,12267500,CC,PACK
BL-452462,TJAHYONO ABADI,239760,25,5994000,TA,PACK
BL-452463,TJAHYONO ABADI,287071.53,25,7176788.25,TA,PACK
BL-452464,TJAHYONO ABADI,200386.08,25,5009652,TA,PACK
BL-452465,TJAHYONO ABADI,358922.94,25,8973073.5,TA,PACK
BL-452466,ADY CIPTA BAROKAH,470000,25,11750000,ACB,PACK
BL-452467,MINISARI ROTI,274000,25,6850000,MR,PACK
BL-452468,SOLUNA,404000,25,10100000,SKAB,PACK
BL-452469,GERABAH KHORI,1571000,25,39275000,GK,PACK
BL-452470,TANJUNG,2175950,25,54398750,TJG,PACK
BL-452471,FREELINE,216000,25,5400000,FREE,PACK
BL-452472,FREELINE,142500,25,3562500,FREE,PACK
BL-452473,MADUSARI RT,130000,25,3250000,MS,PACK
BL-452474,PT TIRTA PRIMA RASA BLORA,523210,25,13080250,BS,PACK
BL-452475,UD HARI JAYA,901384,25,22534600,HJ,PACK
BL-452476,FREELINE,245400,25,6135000,FREE,PACK
BL-452477,FREELINE,759000,25,18975000,FREE,PACK
BL-452478,TOKO KACA MATA MW,3169000,25,79225000,MW,PACK
BL-452479,TUNGGAL JY,70000,25,1750000,TGJ,PACK
BL-452480,TOKO BUKU ABDUR ROCHIM,3172050,25,79301250,ABD,PACK
BL-452481,CENTRAL GEMILANG,18326200,25,458155000,CG,PACK
BL-452482,ANA,3557500,25,88937500,ANA,PACK
BL-452483,ANA,2955500,25,73887500,ANA,PACK
BL-452484,PERMEN,449000,25,11225000,PRM,PACK
BL-452485,TJAHYONO ABADI,922537.65,25,23063441.25,TA,BUAH
BL-452486,CV WAHYU JAYA,634750,25,15868750,WJ,BUAH
BL-452487,KRIDHA MNP,122496.27,25,3062406.75,KMNP,BUAH
BL-452488,FREELINE,337800,25,8445000,FREE,BUAH
BL-452489,MUSTIKA JAYA,768144,25,19203600,MTKJ,BUAH
BL-452490,SEMESTA ND,1624738.08,25,40618452,SND,BUAH
BL-452491,JAVAS TRIPTA GEMALA,422837.4,25,10570935,JTG,BUAH
BL-452492,ABADI NIAGA PRIMA,353106.54,25,8827663.5,KNA,BUAH
BL-452493,CITRA NIAGA KL,13497839.33,25,337445983.25,CKL,BUAH
BL-452494,ULTRAJAYA,729000,25,18225000,UJ,BUAH
BL-452495,BORWITA,271733,25,6793325,TTW,BUAH
BL-452496,AZKA,38000,25,950000,NKMT,BUAH
BL-452497,SARI RASA,140850,25,3521250,SRRS,BUAH
BL-452498,SARI RASA,38700,25,967500,SRRS,BUAH
BL-452499,SUKUN,529230,25,13230750,SKN,BUAH
BL-452500,FREELINE,110000,25,2750000,FREE,BUAH
BL-452501,DEFA PARFUM,8000,25,200000,DFP,BUAH
BL-452502,KRIDHA MNP,2475659.94,25,61891498.5,KMNP,BUAH
BL-452503,DJARUM,1521500,30,45645000,SCM,BUAH
BL-452504,GERABAH KHORI,1175500,30,35265000,GK,BUAH
BL-452505,SOZZIS,808000,30,24240000,SZ,BUAH
BL-452506,THONG PERKASA JAYA SENTOSA,568757.7,30,17062731,TPJ,BUAH
BL-452507,HARLIE CAKE,292000,30,8760000,HC,BUAH
BL-452508,FREELINE,215500,30,6465000,FREE,BUAH
BL-452509,PIGURA,750000,30,22500000,PGR,BUAH
BL-452510,ASIA PP,4752560.7,30,142576821,APP,BUAH
BL-452511,NIKMAT,30000,30,900000,NMT,BUAH
BL-452512,VENUS,36000,30,1080000,VNS,BUAH
BL-452513,JAYA BERHASIL B,276390,30,8291700,JBB,BUAH
BL-452514,SO GOOD FOOD,647944.06,30,19438321.8,S G,BUAH
BL-452515,INTERBIS,392300,30,11769000,ITB,BUAH
BL-452516,ARTA BOGA,353868.6,30,10616058,AB,BUAH
BL-452517,SINAR BAKERI,192500,30,5775000,SNB,BUAH
BL-452518,SURYA MADISTRINDO,1569250,30,47077500,SM,BUAH
BL-452519,AIR MANCUR,940700,25,23517500,AM,BUAH
BL-452520,INTIDAYA RM,245526,25,6138150,IRM,BUAH
BL-452521,GALAKSI,2165542,25,54138550,GL,BUAH
BL-452522,FREELINE,192000,25,4800000,FREE,BUAH
BL-452523,TARUNAKUSUMA P,452508.93,25,11312723.25,TP,BUAH
BL-452524,FREELINE,207000,25,5175000,FREE,BUAH
BL-452525,PT TOTAL MANDIRI FARMA,208000,25,5200000,TMF,BUAH
BL-452526,SARINAH,455000,25,11375000,SRN,BUAH
BL-452527,PT ASIA SEJAHTERA PP,489958.64,25,12248966,ASPP,BUAH
BL-452528,PUSAKA KJ,357500,25,8937500,PKY,BUAH
BL-452529,ARTA BOGA,370066,25,9251650,AB,BUAH
BL-452530,CITRA NIAGA KL,5296936,25,132423400,CKL,BUAH
BL-452531,ANING SNACK,1043000,25,26075000,AN,BUAH
BL-452532,INDOSCOTS BABY,969000,25,24225000,IBU,BUAH
BL-452533,SALWA MEBEL,2325000,25,58125000,SLW,BUAH
BL-452534,YAKULT,354500,25,8862500,Y,BUAH
BL-452535,INTAN ALAM INDAH,198189.46,25,4954736.5,IAI,BUAH
BL-452536,INTAN ALAM INDAH,148932,25,3723300,IAI,BUAH
BL-452537,INTAN ALAM INDAH,384740,25,9618500,IAI,BUAH
BL-452538,PT SUKA SARI,123000,25,3075000,PT SS,BUAH
BL-452539,INDOMARCO,2590180.33,25,64754508.25,IDM,BUAH
BL-452540,PT KOREA TOMORROW,514500,25,12862500,15,BUAH
BL-452541,INDOMARCO,1546932,25,38673300,IDM,BUAH
BL-452542,FASTRATA,560073.81,25,14001845.25,FST,BUAH
BL-452543,PINUS MERAH ABADI,422053.5,25,10551337.5,PT PM,BUAH
BL-452544,MULIA SEJAHTERA,978299,25,24457475,SNS,BUAH
BL-452545,UD TIGA ENAM,1475000,25,36875000,TE,BUAH
BL-452546,FREELINE,201000,25,5025000,FREE,BUAH
BL-452547,SARI RASA,283050,25,7076250,SRRS,BUAH
BL-452548,GABREZ STIKER,32000,25,800000,GZ,BUAH
BL-452549,PT ENSEVAL PM,83250,25,2081250,EPM,BUAH
BL-452550,SARI RASA,5400,25,135000,SRRS,BUAH
BL-452551,PT DISTRIVERSA BUANA MAS,201668.13,25,5041703.25,DBM,BUAH
BL-452552,PT DISTRIVERSA BUANA MAS,301971.06,25,7549276.5,DBM,BUAH
BL-452553,MONALISA ROTI,135000,25,3375000,MNLS,BUAH
BL-452554,FREELINE,110000,25,2750000,FREE,BUAH
BL-452555,MARGA NJ,292576.02,25,7314400.5,SI,BUAH
BL-452556,TIGA RAKSA SATRIA,3325193.38,25,83129834.5,TG,BUAH
BL-452557,MADU STAMINA,646000,25,16150000,MDST,BUAH
BL-452558,BINA SAN PRIMA,1375040.25,25,34376006.25,BSP,BUAH
BL-452559,FREELINE,640000,25,16000000,FREE,BUAH
BL-452560,TANJUNG,995750,25,24893750,TJG,BUAH
BL-452561,FREELINE,258000,25,6450000,FREE,BUAH
BL-452562,PT JAYA ABADI DISTRIBUSI,538468.08,25,13461702,YJA,BUAH
BL-452563,MUSTIKA JAYA,224649,25,5616225,MTKJ,BUAH
BL-452564,CLEO,124000,25,3100000,CLEO,BUAH
BL-452565,KERBAU,28250,25,706250,KRB,BUAH
BL-452566,TEH DANDANG,150400,25,3760000,DD,BUAH
BL-452567,TJAHYONO ABADI,736750.29,25,18418757.25,TA,BUAH
BL-452568,JAMBU BRAND PEANUT,714750,25,17868750,JBP,BUAH
BL-452569,MADUSARI RT,104000,25,2600000,MS,BUAH
BL-452570,ADY CIPTA BAROKAH,260000,25,6500000,ACB,BUAH
BL-452571,FASTRATA,665657.01,25,16641425.25,FST,BUAH
BL-452572,FASTRATA,1018925.61,25,25473140.25,FST,BUAH
BL-452573,NAT,939040.08,25,23476002,NAT,BUAH
BL-452574,MORODADI,1853250,25,46331250,MD,BUAH
BL-452575,FREELINE,227482,25,5687050,FREE,BUAH
BL-452576,FREELINE,1371000,25,34275000,FREE,BUAH
BL-452577,CITRA NIAGA KL,4484668.5,25,112116712.5,CKL,BUAH
BL-452578,TANJUNG,679000,25,16975000,TJG,BUAH
BL-452579,JF TOYS,4149500,25,103737500,JFT,BUAH
BL-452580,SEMESTA ND,370031.74,25,9250793.5,SND,BUAH
BL-452581,PT GONUSA PRIMA DISTRIBUSI,364857,25,9121425,GPD,BUAH
BL-452582,MAKIN JAYA,893000,25,22325000,MK,BUAH
BL-452583,MUSTIKA JAYA,2714573,25,67864325,MTKJ,BUAH
BL-452584,JAVAS TRIPTA GEMALA,255983,25,6399575,JTG,BUAH
BL-452585,MUSTIKA JAYA,450000,25,11250000,MTKJ,BUAH
BL-452586,BORWITA,8480021,25,212000525,TTW,BUAH
BL-452587,ALFA,241200,25,6030000,ALFA,BUAH
BL-452588,PERMEN,235125,25,5878125,PRM,BUAH
BL-452589,CV WAHYU JAYA,1755200,25,43880000,WJ,BUAH
BL-452590,SEMESTA ND,99044.19,25,2476104.75,SND,BUAH
BL-452591,TJAHYONO ABADI,829902.6,25,20747565,TA,BUAH
BL-452592,PERMEN,375000,25,9375000,PRM,BUAH
BL-452593,FREELINE,911000,25,22775000,FREE,BUAH
BL-452594,PT K33 DISTRIBUSI,5380463.38,40,215218535.2,K33,BUAH
BL-452595,PRAMUKA,320000,40,12800000,PRMK,BUAH
BL-452596,SUKUN,1080605,40,43224200,SKN,BUAH
BL-452597,TRI USAHA JAYA,302399.52,40,12095980.8,TUJ,BUAH
BL-452598,KRIDHA MNP,94512.06,40,3780482.4,KMNP,BUAH
BL-452599,TRI USAHA JAYA,1016401.47,40,40656058.8,TUJ,BUAH
BL-452600,FREELINE,485000,40,19400000,FREE,BUAH
BL-452601,PIA WILIS,270000,40,10800000,PW,BUAH
BL-452602,DWI JAYA,297000,40,11880000,DJ,BUAH
BL-452603,SAPUTRO ABADI,198999.69,40,7959987.6,SAK,BUAH
BL-452604,FREELINE,216000,40,8640000,FREE,BUAH
BL-452605,TRI USAHA JAYA,3856669.47,40,154266778.8,TUJ,BUAH
BL-452606,EFATA ROTI,580000,40,23200000,EFT,BUAH
BL-452607,FREELINE,60000,40,2400000,FREE,BUAH
BL-452608,DJARUM,1640500,40,65620000,SCM,BUAH
BL-452609,PIGURA,1020000,25,25500000,PGR,BUAH
BL-452610,PT GONUSA PRIMA DISTRIBUSI,10378.5,25,259462.5,GPD,BUAH
BL-452611,NIKMAT,65000,25,1625000,NMT,BUAH
BL-452612,FREELINE,1487000,25,37175000,FREE,BUAH
BL-452613,AIR MANCUR,798100,25,19952500,AM,BUAH
BL-452614,AZKA,165000,25,4125000,NKMT,BUAH
BL-452615,SARI RASA,34200,25,855000,SRRS,BUAH
BL-452616,PT APL,121665.81,25,3041645.25,APL,BUAH
BL-452617,PT ENSEVAL PM,229992,25,5749800,EPM,BUAH
BL-452618,TRI USAHA JAYA,974094.93,25,24352373.25,TUJ,BUAH
BL-452619,TRI USAHA JAYA,537404.28,25,13435107,TUJ,BUAH
BL-452620,SURYA MADISTRINDO,1161700,25,29042500,SM,BUAH
BL-452621,FREELINE,82500,25,2062500,FREE,BUAH
BL-452622,POCARI SWEAT,546400,25,13660000,PS,BUAH
BL-452623,SUMBER BAROKAH,150000,25,3750000,SMBR,BUAH
BL-452624,MITRA SEHATI SEKATA,252850,25,6321250,MSS,BUAH
BL-452625,LEDRE SUPER,320000,25,8000000,LDSP,BUAH
BL-452626,ANUGRAH ARGON M,80270.76,25,2006769,AAM,BUAH
BL-452627,MITRA SEHATI SEKATA,1008730,25,25218250,MSS,BUAH
BL-452628,TRI USAHA JAYA,1997310.69,25,49932767.25,TUJ,BUAH
BL-452629,BLORA MAKMUR,600883.63,25,15022090.75,BM,BUAH
BL-452630,PINUS MERAH ABADI,483386.47,25,12084661.75,PT PM,BUAH
BL-452631,PT LAMCOS ABADI JAYA,381956.55,90,34376089.5,LAJ,BUAH
BL-452632,ROTI KITA,68000,90,6120000,RK,BUAH
BL-452633,VENUS,227000,90,20430000,VNS,BUAH
BL-452634,SINAR BAKERI,114500,90,10305000,SNB,BUAH
BL-452635,LEDRE SUPER,16000,90,1440000,LDSP,BUAH
BL-452636,INDOMARCO,1775892.3,90,159830307,IDM,BUAH
BL-452637,INDOMARCO,2237682,90,201391380,IDM,BUAH
BL-452638,PT SUKA SARI,123000,90,11070000,PT SS,BUAH
BL-452639,CITRA NIAGA KL,4823855,90,434146950,CKL,BUAH
BL-452640,FREELINE,3500000,90,315000000,FREE,BUAH
BL-452641,PT HM SAMPOERNA TBK,732200,90,65898000,SPRN,BUAH
BL-452642,AJINOMOTO,728088,90,65527920,AJ,BUAH
BL-452643,INDOCAFE,247400,90,22266000,IDC,BUAH
BL-452644,FASTRATA,559896.21,90,50390658.9,FST,BUAH
BL-452645,PT KOREA TOMORROW,203500,90,18315000,15,BUAH
BL-452646,SASA,492000,25,12300000,SASA,BUAH
BL-452647,MAKIN JAYA,263438,25,6585950,MK,BUAH
BL-452648,MAKIN JAYA,3450521,25,86263025,MK,BUAH
BL-452649,YAKULT,515500,25,12887500,Y,BUAH
BL-452650,PRAMUKA,533000,25,13325000,PRMK,BUAH
BL-452651,FREELINE,222200,25,5555000,FREE,BUAH
BL-452652,FREELINE,300000,25,7500000,FREE,BUAH
BL-452653,ARUMANIS HAJI ARDI,290000,25,7250000,AHA,BUAH
BL-452654,PERMEN,208500,25,5212500,PRM,BUAH
BL-452655,MONALISA ROTI,121000,25,3025000,MNLS,BUAH
BL-452656,MITRA SARI CL,289800,25,7245000,MSCL,BUAH
BL-452657,FREELINE,475000,25,11875000,FREE,BUAH
BL-452658,FREELINE,510000,25,12750000,FREE,BUAH
BL-452659,MINISARI ROTI,272000,25,6800000,MR,BUAH
BL-452660,FREELINE,470990,25,11774750,FREE,BUAH
BL-452661,PT TIRTA PRIMA RASA BLORA,555480.14,25,13887003.5,BS,BUAH
BL-452662,ADY CIPTA BAROKAH,550000,25,13750000,ACB,BUAH
BL-452663,MADUSARI RT,141000,25,3525000,MS,BUAH
BL-452664,FREELINE,973100,25,24327500,FREE,BUAH
BL-452665,SARI RASA,12600,25,315000,SRRS,BUAH
BL-452666,CLEO,238000,25,5950000,CLEO,BUAH
BL-452667,TJAHYONO ABADI,984757.59,25,24618939.75,TA,BUAH
BL-452668,CAMPINA ICE CREAM,470414.67,25,11760366.75,CIC,BUAH
BL-452669,PAQUITO,688480,25,17212000,SBN,BUAH
BL-452670,FREELINE,935400,25,23385000,FREE,BUAH
BL-452671,FREELINE,780000,25,19500000,FREE,BUAH
BL-452672,MORODADI,2257200,25,56430000,MD,BUAH
BL-452673,SINAR ABADI,6238424,25,155960600,SAB,PACK
BL-452674,MUGI BAROKAH,1168000,25,29200000,MG,PACK
BL-452675,BERAS MUSTIKA,810000,25,20250000,BRM,PACK
BL-452676,BORWITA,1315253,25,32881325,TTW,PACK
BL-452677,SOZZIS,2010000,25,50250000,SZ,PACK
BL-452678,CV WAHYU JAYA,1967313,25,49182825,WJ,PACK
BL-452679,ULTRAJAYA,509800,25,12745000,UJ,PACK
BL-452680,PERMEN,286000,25,7150000,PRM,PACK
BL-452681,POCARI SWEAT,234400,25,5860000,PS,PACK
BL-452682,KRIDHA MNP,159503.67,25,3987591.75,KMNP,PACK
BL-452683,JAVAS TRIPTA GEMALA,191177,75,14338275,JTG,PACK
BL-452684,TJAHYONO ABADI,1343849.25,75,100788693.75,TA,PACK
BL-452685,MUSTIKA JAYA,1176940,75,88270500,MTKJ,PACK
BL-452686,MUSTIKA JAYA,447297,75,33547275,MTKJ,PACK
BL-452687,BORWITA,111917,75,8393775,TTW,PACK
BL-452688,PINUS MERAH ABADI,787304.88,75,59047866,PT PM,PACK
BL-452689,BORWITA,238209,75,17865675,TTW,PACK
BL-452690,USAHA BERKAH,1226000,75,91950000,UB,PACK
BL-452691,FREELINE,372000,75,27900000,FREE,PACK
BL-452692,FREELINE,569920,75,42744000,FREE,PACK
BL-452693,TJAHYONO ABADI,687310.89,75,51548316.75,TA,PACK
BL-452694,FREELINE,274050,75,20553750,FREE,PACK
BL-452695,SO GOOD FOOD,419580,75,31468500,S G,PACK
BL-452696,NUR PRATAMA ELECTRO,872000,75,65400000,NPE,PACK
BL-452697,DJARUM,1528600,75,114645000,SCM,PACK
BL-452698,FREELINE,310000,75,23250000,FREE,PACK
BL-452699,SARI RASA,192150,75,14411250,SRRS,PACK
BL-452700,JAYA BERHASIL B,507619.65,75,38071473.75,JBB,PACK
BL-452701,SUPRALITA MANDIRI,663284,75,49746300,SPLM,PACK
BL-452702,THONG PERKASA JAYA SENTOSA,350818.44,75,26311383,TPJ,PACK
BL-452703,FREELINE,1364500,75,102337500,FREE,PACK
BL-452704,GALAKSI,7450908.3,75,558818122.5,GL,PACK
BL-452705,CITRA NIAGA KL,4891619,75,366871425,CKL,PACK
BL-452706,CITRA NIAGA KL,8013938.5,75,601045387.5,CKL,PACK
BL-452707,AZKA,101000,75,7575000,NKMT,PACK
BL-452708,EFATA ROTI,72000,75,5400000,EFT,PACK
BL-452709,KOPI LELET,144000,75,10800000,KL,PACK
BL-452710,FREELINE,286500,75,21487500,FREE,PACK
BL-452711,NEW MATAHARI,398000,75,29850000,NM,PACK
BL-452712,DEFA PARFUM,717000,75,53775000,DFP,PACK
BL-452713,FREELINE,438000,75,32850000,FREE,PACK
BL-452714,FREELINE,666500,75,49987500,FREE,PACK
BL-452715,SURYA MADISTRINDO,1515150,75,113636250,SM,PACK
BL-452716,VENUS,327000,75,24525000,VNS,PACK
BL-452717,FREELINE,188000,75,14100000,FREE,PACK
BL-452718,FREELINE,92000,75,6900000,FREE,PACK
BL-452719,ROTI KITA,69500,75,5212500,RK,PACK
BL-452720,SINAR BAKERI,208500,75,15637500,SNB,PACK
BL-452721,INTIDAYA RM,267576,75,20068200,IRM,PACK
BL-452722,TARUNAKUSUMA P,241160.91,75,18087068.25,TP,PACK
BL-452724,JAYA BERHASIL B,1590137.16,75,119260287,JBB,PACK
BL-452725,UNTUNG JAYA,730510.98,75,54788323.5,UJY,PACK
BL-452726,YAKULT,113000,75,8475000,Y,PACK
BL-452727,NIKMAT,537000,75,40275000,NMT,PACK
BL-452728,CITRA NIAGA KL,5011473.33,75,375860499.75,CKL,PACK
BL-452729,PT SUKA SARI,123000,75,9225000,PT SS,PACK
BL-452730,KARTIKA,345600,75,25920000,KPM K,PACK
BL-452731,SASA,266300,75,19972500,SASA,PACK
BL-452732,INDOMARCO,1947336,75,146050200,IDM,PACK
BL-452733,INDOMARCO,1350142,75,101260650,IDM,PACK
BL-452734,PT ASIA SEJAHTERA PP,410168.88,75,30762666,ASPP,PACK
BL-452735,DAYA MUDA AGUNG,293761.5,75,22032112.5,DMA,PACK
BL-452736,YAKULT,563500,75,42262500,Y,PACK
BL-452737,FREELINE,525000,75,39375000,FREE,PACK
BL-452738,RIDER,1976000,75,148200000,RD,PACK
BL-452739,SOSRO,265000,75,19875000,SSRO,PACK
BL-452740,NIAGA NUSA ABADI,148000,75,11100000,NNA,PACK
BL-452741,FASTRATA,608795.04,75,45659628,FST,PACK
BL-452742,BINA SAN PRIMA,468929.49,75,35169711.75,BSP,PACK
BL-452743,SUKUN,499640,75,37473000,SKN,PACK
BL-452744,ANA,375000,75,28125000,ANA,PACK
BL-452745,PT HM SAMPOERNA TBK,996750,75,74756250,SPRN,PACK
BL-452746,PT KOREA TOMORROW,390000,75,29250000,15,PACK
BL-452747,INTAN ALAM INDAH,1071075.73,75,80330679.75,IAI,PACK
BL-452748,DWI JAYA,660000,75,49500000,DJ,PACK
BL-452749,ANUGERAH JAYA,855731,75,64179825,MM,PACK
BL-452750,ARTA BOGA,444408,75,33330600,AB,PACK
BL-452751,MULIA SEJAHTERA,1119216,75,83941200,SNS,PACK
BL-452752,ISTANA TOPI,910350,75,68276250,IT,PACK
BL-452753,MAKIN JAYA,1075000,75,80625000,MK,PACK
BL-452754,SARI RASA,176400,75,13230000,SRRS,PACK
BL-452755,MUTIARA AGUNG MULIA,1317300,75,98797500,MAG,PACK
BL-452756,MUSTIKA JAYA,159766,75,11982450,MTKJ,PACK
BL-452757,UNIRAMA DN,950315.4,75,71273655,UDN,PACK
BL-452758,UNIRAMA DN,98903.22,75,7417741.5,UDN,PACK
BL-452759,ADY CIPTA BAROKAH,480000,75,36000000,ACB,PACK
BL-452760,MADUSARI RT,46000,75,3450000,MS,PACK
BL-452761,ARTA BOGA,482140,75,36160500,AB,PACK
BL-452762,FREELINE,1274360,75,95577000,FREE,PACK
BL-452763,DILA COL,1324680,75,99351000,DILA,PACK
BL-452764,TOKO FORTUNA,1711325,75,128349375,TF,PACK
BL-452765,TJAHYONO ABADI,1201913.02,75,90143476.5,TA,PACK
BL-452766,SUMBER PELITA MATARAM,748798.23,75,56159867.25,SPM,PACK
BL-452767,GERABAH KHORI,2147500,75,161062500,GK,PACK
BL-452768,ANA,779000,75,58425000,ANA,PACK
BL-452769,MINISARI ROTI,202000,75,15150000,MR,PACK
BL-452770,EKO SANJOYO,1856800,75,139260000,ES,PACK
BL-452771,MORODADI,2254500,75,169087500,MD,PACK
BL-452772,FREELINE,1358000,75,101850000,FREE,PACK
BL-452773,JAVAS TRIPTA GEMALA,409649.33,75,30723699.75,JTG,PACK
BL-452774,MENSA BINASUKSES,438866.9,75,32915017.5,MB,PACK
BL-452775,KRIDHA MNP,160993.29,75,12074496.75,KMNP,PACK
BL-452776,BORWITA,152630,75,11447250,TTW,PACK
BL-452777,MUSTIKA JAYA,974608,75,73095600,MTKJ,PACK
BL-452778,MUSTIKA JAYA,633182,75,47488650,MTKJ,PACK
BL-452779,MUSTIKA JAYA,1443500,75,108262500,MTKJ,PACK
BL-452780,FREELINE,2144100,75,160807500,FREE,PACK
BL-452781,PERMEN,550000,75,41250000,PRM,PACK
BL-452782,FREELINE,990000,75,74250000,FREE,PACK
BL-452783,CV WAHYU JAYA,977000,75,73275000,WJ,PACK
BL-452784,TJAHYONO ABADI,442902.14,75,33217660.5,TA,PACK
BL-452785,SEMESTA ND,583044.08,75,43728306,SND,PACK
BL-452786,CITRA BARU BUSANA,1511640,75,113373000,CBB,PACK
BL-452787,MITRA SARANA PURNA,1267747.65,75,95081073.75,MSP,PACK
BL-452788,PT HM SAMPOERNA TBK,634857.5,75,47614312.5,SPRN,PACK
BL-452789,MOY SNACK,603000,75,45225000,MYS,PACK
BL-452790,GALAKSI,3202543.14,75,240190735.5,GL,PACK
BL-452791,DJARUM,1745000,75,130875000,SCM,PACK
BL-452792,TIGA RAKSA SATRIA,1511662.38,75,113374678.5,TG,PACK
BL-452793,TIGA RAKSA SATRIA,1269650.19,75,95223764.25,TG,PACK
BL-452794,PT ENSEVAL PM,604149.99,75,45311249.25,EPM,PACK
BL-452795,SARI RASA,109800,75,8235000,SRRS,PACK
BL-452796,SUKUN,592330,75,44424750,SKN,PACK
BL-452797,POCARI SWEAT,148500,75,11137500,PS,PACK
BL-452798,PT ENSEVAL PM,1038753.27,75,77906495.25,EPM,PACK
BL-452799,PT TIRTA PRIMA RASA BLORA,708789.27,75,53159195.25,BS,PACK
BL-452800,FREELINE,190000,75,14250000,FREE,PACK
BL-452801,PT ENSEVAL PM,2424481.98,75,181836148.5,EPM,PACK
BL-452802,TRI USAHA JAYA,233333.1,75,17499982.5,TUJ,PACK
BL-452803,EFATA ROTI,410000,75,30750000,EFT,PACK
BL-452804,FREELINE,288000,75,21600000,FREE,PACK
BL-452805,FREELINE,1068000,75,80100000,FREE,PACK
BL-452806,BLORA MAKMUR,485586.15,75,36418961.25,BM,PACK
BL-452807,FREELINE,277500,75,20812500,FREE,PACK
BL-452808,PARIT PADANG GLOBAL,1383921.36,75,103794102,PP,PACK
BL-452809,YAKULT,169500,75,12712500,Y,PACK
BL-452810,AIR MANCUR,1280000,25,32000000,AM,PACK
BL-452811,ALFA,300000,25,7500000,ALFA,PACK
BL-452812,GERABAH KHORI,1918000,25,47950000,GK,PACK
BL-452813,SINAR BAKERI,157000,25,3925000,SNB,PACK
BL-452814,VENUS,159000,25,3975000,VNS,PACK
BL-452815,NIKMAT,889000,125,111125000,NMT,PACK
BL-452816,SURYA MADISTRINDO,1289550,125,161193750,SM,PACK
BL-452817,COCA COLA,670600,125,83825000,CC,PACK
BL-452818,PINUS MERAH ABADI,75500,125,9437500,PT PM,PACK
BL-452819,MITRA SEHATI SEKATA,410492,125,51311500,MSS,PACK
BL-452820,FREELINE,300000,125,37500000,FREE,PACK
BL-452821,RCI KAPAS,467538.06,125,58442257.5,RCI,PACK
BL-452822,ALFA,635200,125,79400000,ALFA,PACK
BL-452823,INDOCAFE,247400,125,30925000,IDC,PACK
BL-452824,PT KOREA TOMORROW,407000,25,10175000,15,PACK
BL-452825,GALAKSI,180000,25,4500000,GL,PACK
BL-452826,FASTRATA,529522.17,25,13238054.25,FST,PACK
BL-452827,ARTA BOGA,522160,25,13054000,AB,PACK
BL-452828,JAS HUJAN,3114000,25,77850000,JH,PACK
BL-452829,HSP KC,484000,25,12100000,HSP,PACK
BL-452830,TANJUNG,992200,25,24805000,TJG,PACK
BL-452831,FREELINE,99996,25,2499900,FREE,PACK
BL-452832,FREELINE,200000,25,5000000,FREE,PACK
BL-452833,INDOMARCO,2080263,25,52006575,IDM,PACK
BL-452834,INDOMARCO,2068654,25,51716350,IDM,PACK
BL-452835,MULIA SEJAHTERA,579577,25,14489425,SNS,PACK
BL-452836,PT APL,199170.59,25,4979264.75,APL,PACK
BL-452837,SEKAWAN,523298,25,13082450,HLY,PACK
BL-452838,FREELINE,2105000,25,52625000,FREE,PACK
BL-452839,PT TOTAL MANDIRI FARMA,208000,25,5200000,TMF,PACK
BL-452840,PT JAYA ABADI DISTRIBUSI,849196.84,25,21229921,YJA,PACK
BL-452841,SARI RASA,11700,25,292500,SRRS,PACK
BL-452842,SASA,665500,25,16637500,SASA,PACK
BL-452843,MITRA SARI CL,152100,25,3802500,MSCL,PACK
BL-452844,PT SUKA SARI,123000,25,3075000,PT SS,PACK
BL-452845,SO GOOD FOOD,302265,25,7556625,S G,PACK
BL-452846,ANUGERAH JAYA,3152863.5,25,78821587.5,MM,PACK
BL-452847,NABATI,84400,25,2110000,NBT,PACK
BL-452848,PERMEN,120000,25,3000000,PRM,PACK
BL-452849,BAGUS,900987,150,135148050,BGS,PACK
BL-452850,PT SAI INDONESIA,2314768.47,150,347215270.5,SAI,PACK
BL-452851,CITRA NIAGA KL,4316825,150,647523750,CKL,PACK
BL-452852,GERABAH KHORI,888000,150,133200000,GK,PACK
BL-452853,GALAKSI,4784877.75,150,717731662.5,GL,PACK
BL-452854,JAYA KOSMETIK,1405000,150,210750000,JK,PACK
BL-452855,PT K33 DISTRIBUSI,494409.54,150,74161431,K33,PACK
BL-452856,YAKULT,515500,150,77325000,Y,PACK
BL-452857,PT HM SAMPOERNA TBK,266000,150,39900000,SPRN,PACK
BL-452858,ALFA,238800,150,35820000,ALFA,PACK
BL-452859,MADUSARI RT,71000,150,10650000,MS,PACK
BL-452860,ADY CIPTA BAROKAH,240000,150,36000000,ACB,PACK
BL-452861,MONALISA ROTI,105000,150,15750000,MNLS,PACK
BL-452862,BINA SAN PRIMA,86580,150,12987000,BSP,PACK
BL-452863,MINISARI ROTI,132000,150,19800000,MR,PACK
BL-452865,FASTRATA,715336.17,150,107300425.5,FST,PACK
BL-452866,FASTRATA,549637.59,150,82445638.5,FST,PACK
BL-452867,WARDAH PUTRI,864646.7,150,129697005,WP,PACK
BL-452868,WARDAH PUTRI,393357.37,150,59003605.5,WP,PACK
BL-452869,WARDAH PUTRI,2249992.19,150,337498828.5,WP,PACK
BL-452870,WARDAH PUTRI,13266834.59,150,1990025188.5,WP,PACK
BL-452871,MENSA BINASUKSES,119541.75,150,17931262.5,MB,PACK
BL-452872,ANUGRAH ARGON M,160541.52,150,24081228,AAM,PACK
BL-452873,GOLDEN HAND CAKE,850000,150,127500000,GHC,PACK
BL-452874,TANJUNG,1881500,150,282225000,TJG,PACK
BL-452875,DEFA PARFUM,500000,150,75000000,DFP,PACK
BL-452876,FREELINE,212503,150,31875450,FREE,PACK
BL-452877,MURIA MAJU MAKMUR,149000,150,22350000,MMM,PACK
BL-452878,MUSTIKA JAYA,227140,150,34071000,MTKJ,PACK
BL-452879,COCA COLA,169700,150,25455000,CC,PACK
BL-452880,JAYA KOSMETIK,830000,150,124500000,JK,PACK
BL-452881,CLEO,309000,150,46350000,CLEO,PACK
BL-452882,FREELINE,852000,150,127800000,FREE,PACK
BL-452883,TJAHYONO ABADI,524392.86,150,78658929,TA,PACK
BL-452884,FREELINE,360000,150,54000000,FREE,PACK
BL-452885,TANJUNG,1861900,150,279285000,TJG,PACK
BL-452886,FREELINE,758967,150,113845050,FREE,PACK
BL-452887,CUSSON,1244592,150,186688800,CUS,PACK
BL-452888,JAVAS TRIPTA GEMALA,143947,150,21592050,JTG,PACK
BL-452889,USAHA BERKAH,802500,150,120375000,UB,PACK
BL-452890,CV WAHYU JAYA,191000,150,28650000,WJ,PACK
BL-452891,BORWITA,74371,150,11155650,TTW,PACK
BL-452892,KRIDHA MNP,94512.06,150,14176809,KMNP,PACK
BL-452893,TARUNAKUSUMA P,434889.4,150,65233410,TP,PACK
BL-452894,UBA SNACK,162000,150,24300000,UBAS,PACK
BL-452895,PT GONUSA PRIMA DISTRIBUSI,256448.85,150,38467327.5,GPD,PACK
BL-452896,GALAKSI,181096.5,150,27164475,GL,PACK
BL-452897,MUSTIKA JAYA,697504,150,104625600,MTKJ,PACK
BL-452898,TANJUNG,960000,150,144000000,TJG,PACK
BL-452899,FREELINE,540000,150,81000000,FREE,PACK
BL-452900,SARINAH,715000,150,107250000,SRN,PACK
BL-452901,SOZZIS,1877000,150,281550000,SZ,PACK
BL-452902,CV WAHYU JAYA,1375050,150,206257500,WJ,PACK
BL-452903,ULTRAJAYA,755190,150,113278500,UJ,PACK
BL-452904,ANA,750500,150,112575000,ANA,PACK
BL-452905,INDOSCOTS BABY,677000,150,101550000,IBU,PACK
BL-452906,MITRA SARI CL,102150,150,15322500,MSCL,PACK
BL-452907,THONG PERKASA JAYA SENTOSA,328955,150,49343250,TPJ,PACK
BL-452908,PT TIRTA PRIMA RASA BLORA,1113458,150,167018700,BS,PACK
BL-452909,HARLIE CAKE,109000,150,16350000,HC,PACK
BL-452910,CITRA NIAGA KL,19335780.5,150,2900367075,CKL,PACK
BL-452911,DJARUM,1099500,150,164925000,SCM,PACK
BL-452912,SEMESTA ND,379804.02,150,56970603,SND,PACK
BL-452913,JAYA BERHASIL B,24000,150,3600000,JBB,PACK
BL-452914,KRIDHA MNP,119250,150,17887500,KMNP,PACK
BL-452915,SUKUN,598935,150,89840250,SKN,PACK
BL-452916,FREELINE,240000,150,36000000,FREE,PACK
BL-452917,SOLUNA,381000,150,57150000,SKAB,PACK
BL-452918,PERMEN,105000,150,15750000,PRM,PACK
BL-452919,MITRA SARI CL,29700,150,4455000,MSCL,PACK
BL-452920,AZKA,220000,150,33000000,NKMT,PACK
BL-452921,ALFAMART,342000,150,51300000,AFM,PACK
BL-452922,FREELINE,677500,150,101625000,FREE,PACK
BL-452923,NIKMAT,1331000,150,199650000,NMT,PACK
BL-452924,AIR MANCUR,1425750,150,213862500,AM,PACK
BL-452925,JAYA BERHASIL B,174609.66,150,26191449,JBB,PACK
BL-452926,PT K33 DISTRIBUSI,1102478.64,150,165371796,K33,PACK
BL-452927,TOP COLLECTION,3200500,150,480075000,TOP,PACK
BL-452928,ROTI KITA,56000,150,8400000,RK,PACK
BL-452929,MARGA NJ,512188.41,150,76828261.5,SI,PACK
BL-452930,PERMEN,301025,150,45153750,PRM,PACK
BL-452931,ORANG ARING,215824,150,32373600,OA,PACK
BL-452932,PT ASIA SEJAHTERA PP,204156.6,150,30623490,ASPP,PACK
BL-452933,SINAR BAKERI,169000,150,25350000,SNB,PACK
BL-452934,VENUS,233000,150,34950000,VNS,PACK
BL-452935,INTIDAYA RM,282020.5,150,42303075,IRM,PACK
BL-452937,FREELINE,372000,150,55800000,FREE,PACK
BL-452938,ABON 99,210000,150,31500000,ABON,PACK
BL-452939,INDOMARCO,2355354.1,150,353303115,IDM,PACK
BL-452940,INDOMARCO,2481544,150,372231600,IDM,PACK
BL-452941,SUPRALITA MANDIRI,1779151,150,266872650,SPLM,PACK
BL-452942,SUPRALITA MANDIRI,684715,150,102707250,SPLM,PACK
BL-452943,PT SEMESTA DISTRIBUSI INDONESIA,153229.18,150,22984377,SDI,PACK
BL-452944,DISTRIBUSI KI,290545.83,150,43581874.5,DKI,PACK
BL-452945,SUPRALITA MANDIRI,1705803,150,255870450,SPLM,PACK
BL-452946,SUPRALITA MANDIRI,1535253,150,230287950,SPLM,PACK
BL-452947,SUPRALITA MANDIRI,4151228,150,622684200,SPLM,PACK
BL-452948,SOSRO,145000,150,21750000,SSRO,PACK
BL-452949,FREELINE,102000,150,15300000,FREE,PACK
BL-452950,CITRA NIAGA KL,6835250,150,1025287500,CKL,PACK
BL-452951,FREELINE,220000,150,33000000,FREE,PACK
BL-452952,TANJUNG,857000,150,128550000,TJG,PACK
BL-452953,CATUR SENTOSA A,886045.46,150,132906819,CSA,PACK
BL-452954,PT TOTAL MANDIRI FARMA,208000,150,31200000,TMF,PACK
BL-452955,NIAGA NUSA ABADI,141000,150,21150000,NNA,PACK
BL-452956,FASTRATA,463276.26,150,69491439,FST,PACK
BL-452957,PT SUKA SARI,35400,150,5310000,PT SS,PACK
BL-452958,BERAS MUSTIKA,1030000,150,154500000,BRM,PACK
BL-452959,SASA,286000,150,42900000,SASA,PACK
BL-452960,PT ASIA SEJAHTERA PP,318524.72,150,47778708,ASPP,PACK
BL-452961,ARTA BOGA,504686,150,75702900,AB,PACK
BL-452962,FREELINE,20000,150,3000000,FREE,PACK
BL-452963,PERMEN,85000,150,12750000,PRM,PACK
BL-452964,PT KOREA TOMORROW,649500,150,97425000,15,PACK
BL-452965,ANDRA KRIPIK TEMPE,115000,150,17250000,KT,PACK
BL-452966,MITRA SNACK,1205500,150,180825000,MTR,PACK
BL-452967,TIGA RAKSA SATRIA,3376612.19,150,506491828.5,TG,PACK
BL-452968,SARI RASA,165150,150,24772500,SRRS,PACK
BL-452969,MULIA SEJAHTERA,436648,150,65497200,SNS,PACK
BL-452970,LAMPU,89500,150,13425000,LP,PACK
BL-452971,ANA,3343000,150,501450000,ANA,PACK
BL-452972,ANA,229000,150,34350000,ANA,PACK
BL-452973,KRIDHA MNP,4022131.62,150,603319743,KMNP,PACK
BL-452974,MONALISA ROTI,117000,150,17550000,MNLS,PACK
BL-452975,ANA,1709000,150,256350000,ANA,PACK
BL-452976,PERMEN,30000,150,4500000,PRM,PACK
BL-452977,BINTANG ARIEF,2005000,150,300750000,ALM,PACK
BL-452978,JAMBU BRAND PEANUT,830750,150,124612500,JBP,PACK
BL-452979,MADUSARI RT,47000,150,7050000,MS,PACK
BL-452980,MINISARI ROTI,153000,150,22950000,MR,PACK
BL-452981,BORWITA,183084,150,27462600,TTW,PACK
BL-452982,CLEO,114000,150,17100000,CLEO,PACK
BL-452983,FREELINE,619650,150,92947500,FREE,PACK
BL-452984,SASA/OBK,1350500,150,202575000,OBK,PACK
BL-452985,PT K33 DISTRIBUSI,2169045.45,150,325356817.5,K33,PACK
BL-452986,FREELINE,2316250,150,347437500,FREE,PACK
BL-452987,PINUS MERAH ABADI,337177,150,50576550,PT PM,PACK
BL-452988,FREELINE,285000,150,42750000,FREE,PACK
BL-452989,JAVAS TRIPTA GEMALA,65360,150,9804000,JTG,PACK
BL-452990,MUSTIKA JAYA,249500,150,37425000,MTKJ,PACK
BL-452991,MEGA UTAMA ASTRINDO,6600950,150,990142500,NUA,PACK
BL-452992,CENTRAL GEMILANG,20567622,150,3085143300,CG,PACK
BL-452993,KAORI,4675869,150,701380350,KO,PACK
BL-452994,GERABAH KHORI,517999.92,150,77699988,GK,PACK
BL-452995,CV WAHYU JAYA,1544500,150,231675000,WJ,PACK
BL-452996,KAORI,414250,150,62137500,KO,PACK
BL-452997,ALFA,190000,150,28500000,ALFA,PACK
BL-452998,KRIDHA MNP,133487.49,150,20023123.5,KMNP,PACK
BL-452999,BORWITA,167619,150,25142850,TTW,PACK
BL-453000,TARUNAKUSUMA P,241160.91,150,36174136.5,TP,PACK
BL-453001,DEFA PARFUM,72000,150,10800000,DFP,PACK
BL-453002,ALI JAYA ABADI,1076453.19,150,161467978.5,AJA,PACK
BL-453003,TANJUNG,1164000,150,174600000,TJG,PACK
BL-453004,FREELINE,1077600,150,161640000,FREE,PACK
BL-453005,MUSTIKA JAYA,711130,150,106669500,MTKJ,PACK
BL-453006,TJAHYONO ABADI,722373.57,150,108356035.5,TA,PACK
BL-453007,MUSTIKA JAYA,1519269.32,150,227890398,MTKJ,PACK
BL-453008,POCARI SWEAT,215100,150,32265000,PS,PACK
BL-453009,EFATA ROTI,387000,150,58050000,EFT,PACK
BL-453010,SARI RASA,194400,150,29160000,SRRS,PACK
BL-453011,SO GOOD FOOD,2151500,150,322725000,S G,PACK
BL-453012,SINAR ABADI,2482365,150,372354750,SAB,PACK
BL-453013,SINAR ABADI,1965904,150,294885600,SAB,PACK
BL-453014,SINAR ABADI,1270338,150,190550700,SAB,PACK
BL-453015,SUKUN,784605,150,117690750,SKN,PACK
BL-453016,PERMEN,305000,150,45750000,PRM,PACK
BL-453017,COCA COLA,283800,150,42570000,CC,PACK
BL-453018,ASIA PP,176540,150,26481000,APP,PACK
BL-453019,CITRA NIAGA KL,17652803,150,2647920450,CKL,PACK
BL-453020,SARI RASA,33300,150,4995000,SRRS,PACK
BL-453021,SAPUTRO ABADI,289599,150,43439850,SAK,PACK
BL-453022,NIKMAT,1315000,150,197250000,NMT,PACK
BL-453023,SOZZIS,1646000,150,246900000,SZ,PACK
BL-453024,FREELINE,1701000,150,255150000,FREE,PACK
BL-453025,GAWIH JAYA,187000,150,28050000,GJ,PACK
BL-453026,POCARI SWEAT,742500,150,111375000,PS,PACK
BL-453027,VENUS,287000,150,43050000,VNS,PACK
BL-453028,AIR MANCUR,1283499,150,192524850,AM,PACK
BL-453029,BLORA MAKMUR,403263,150,60489450,BM,PACK
BL-453030,ANUGRAH ARGON M,335464.2,150,50319630,AAM,PACK
BL-453031,SO GOOD FOOD,624096,150,93614400,S G,PACK
BL-453032,FREELINE,157500,150,23625000,FREE,PACK
BL-453033,SEMESTA ND,86500.08,150,12975012,SND,PACK
BL-453034,TJAHYONO ABADI,1181409.63,150,177211444.5,TA,PACK
BL-453035,UNIRAMA DN,905093.78,150,135764067,UDN,PACK
BL-453036,USAHA JAYA,438836.28,150,65825442,USJY,PACK
BL-453037,FREELINE,476115.77,150,71417365.5,FREE,PACK
BL-453038,PERMEN,531000,150,79650000,PRM,PACK
BL-453039,TJAHYONO ABADI,926937.47,150,139040620.5,TA,PACK
BL-453040,SURYA MADISTRINDO,1507350,150,226102500,SM,PACK
BL-453041,SINAR BAKERI,98000,150,14700000,SNB,PACK
BL-453042,SUPRALITA MANDIRI,2773214,150,415982100,SPLM,PACK
BL-453043,USAHA BERKAH,5230800,150,784620000,UB,PACK
BL-453044,MITRA SEHATI SEKATA,410145,150,61521750,MSS,PACK
BL-453045,MITRA SEHATI SEKATA,907202,150,136080300,MSS,PACK
BL-453046,MITRA SEHATI SEKATA,290363,150,43554450,MSS,PACK
BL-453047,SO GOOD FOOD,522295.2,150,78344280,S G,PACK
BL-453048,ROTI KITA,109000,150,16350000,RK,PACK
BL-453049,AE JAYA BATU,320000,150,48000000,AE,PACK
BL-453050,INDOMARCO,2044961,150,306744150,IDM,PACK
BL-453051,RCI KAPAS,588014,150,88202100,RCI,PACK
BL-453052,FASTRATA,859206.6,150,128880990,FST,PACK
BL-453053,PT SUKA SARI,51000,150,7650000,PT SS,PACK
BL-453054,PT ENSEVAL PM,83880,150,12582000,EPM,PACK
BL-453055,PT ENSEVAL PM,460641.48,150,69096222,EPM,PACK
BL-453056,PT KOREA TOMORROW,328000,150,49200000,15,PACK
BL-453057,FASTRATA,405266.55,150,60789982.5,FST,PACK
BL-453058,PT ENSEVAL PM,61638.3,150,9245745,EPM,PACK
BL-453059,FREELINE,745450,150,111817500,FREE,PACK
BL-453060,YAKULT,709000,150,106350000,Y,PACK
BL-453061,PT DISTRIVERSA BUANA MAS,354827.04,150,53224056,DBM,PACK
BL-453062,ARTA BOGA,476989,150,71548350,AB,PACK
BL-453063,GERABAH KHORI,350000,150,52500000,GK,PACK
BL-453064,MAKIN JAYA,834226,150,125133900,MK,PACK
BL-453065,MAKIN JAYA,1899790,150,284968500,MK,PACK
BL-453066,CITRA NIAGA KL,5663754,150,849563100,CKL,PACK
BL-453067,PRAMUKA,342500,150,51375000,PRMK,PACK
BL-453068,PT ENSEVAL PM,318649.92,150,47797488,EPM,PACK
BL-453069,SINARMAS,4671372.85,150,700705927.5,SNRM,PACK
BL-453070,TIGA RAKSA SATRIA,137520,150,20628000,TG,PACK
BL-453071,YD POP CORN,89700,150,13455000,YD,PACK
BL-453072,INDOCAFE,371100,150,55665000,IDC,PACK
BL-453073,TEH DANDANG,25000,150,3750000,DD,PACK
BL-453074,CLEO,44000,150,6600000,CLEO,PACK
BL-453075,TRI USAHA JAYA,631190.4,150,94678560,TUJ,PACK
BL-453076,MONALISA ROTI,51000,150,7650000,MNLS,PACK
BL-453077,FREELINE,110000,150,16500000,FREE,PACK
BL-453078,SARI RASA,268200,150,40230000,SRRS,PACK
BL-453079,SARI RASA,51750,150,7762500,SRRS,PACK
BL-453080,CV DIMENSI TIGA,367500,150,55125000,CV DT,PACK
BL-453081,TANJUNG,2109500,150,316425000,TJG,PACK
BL-453082,GERABAH KHORI,1325000,150,198750000,GK,PACK
BL-453083,TRI USAHA JAYA,3916916.94,150,587537541,TUJ,PACK
BL-453084,FREELINE,591000,150,88650000,FREE,PACK
BL-453085,TRI USAHA JAYA,674029.74,150,101104461,TUJ,PACK
BL-453086,PERMEN,200000,150,30000000,PRM,PACK
BL-453087,TRI USAHA JAYA,576047.82,150,86407173,TUJ,PACK
BL-453088,MULIA SEJAHTERA,785070,150,117760500,SNS,PACK
BL-453089,UD HARI JAYA,885248,150,132787200,HJ,PACK
BL-453090,CITRA NIAGA KL,75741,150,11361150,CKL,PACK
BL-453091,BINA SAN PRIMA,129870,150,19480500,BSP,PACK
BL-453092,DJARUM,1377700,150,206655000,SCM,PACK
BL-453093,MINISARI ROTI,165000,150,24750000,MR,PACK
BL-453094,FREELINE,300000,150,45000000,FREE,PACK
BL-453095,TJAHYONO ABADI,558600.84,150,83790126,TA,PACK
BL-453096,MUSTIKA JAYA,1047450,150,157117500,MTKJ,PACK
BL-453097,TONG TJI,251000,150,37650000,TT,PACK
BL-453098,DEFA PARFUM,399000,150,59850000,DFP,PACK
BL-453099,CAMPINA ICE CREAM,375999.18,150,56399877,CIC,PACK
BL-453100,TEH DANDANG,162096.63,150,24314494.5,DD,PACK
BL-453101,TJAHYONO ABADI,151608.24,150,22741236,TA,PACK
BL-453102,PT HM SAMPOERNA TBK,1069400,150,160410000,SPRN,PACK
BL-453103,COCA COLA,633900,150,95085000,CC,PACK
BL-453104,PAQUITO,658343,150,98751450,SBN,PACK
BL-453105,PT SAI INDONESIA,119880,150,17982000,SAI,PACK
BL-453106,PT SAI INDONESIA,479521.11,150,71928166.5,SAI,PACK
BL-453107,PT SAI INDONESIA,523745.73,150,78561859.5,SAI,PACK
BL-453108,PT SAI INDONESIA,388331.28,150,58249692,SAI,PACK
BL-453109,FREELINE,1055000,150,158250000,FREE,PACK
BL-453110,FREELINE,503400,150,75510000,FREE,PACK
BL-453111,USAHA BERKAH,765000,150,114750000,UB,PACK
BL-453112,FREELINE,472000,150,70800000,FREE,PACK
BL-453113,TANJUNG,3072610,150,460891500,TJG,PACK
BL-453114,JAYA DIPA,995000,150,149250000,JD,PACK
BL-453115,JF TOYS,2115500,150,317325000,JFT,PACK
BL-453116,SANDAL JOGJA,6681000,150,1002150000,SNDLJ,PACK
BL-453117,CV WAHYU JAYA,1270000,150,190500000,WJ,PACK
BL-453118,ULTRAJAYA,756000,150,113400000,UJ,PACK
BL-453119,KRIDHA MNP,201004.35,150,30150652.5,KMNP,PACK
BL-453120,JAVAS TRIPTA GEMALA,299768,150,44965200,JTG,PACK
BL-453121,MUSTIKA JAYA,1340419,150,201062850,MTKJ,PACK
BL-453122,MUSTIKA JAYA,615548,150,92332200,MTKJ,PACK
BL-453123,FREELINE,1169000,150,175350000,FREE,PACK
BL-453124,GALAKSI,180225.15,150,27033772.5,GL,PACK
BL-453125,BORWITA,7048814,150,1057322100,TTW,PACK
BL-453126,TANJUNG,399050,150,59857500,TJG,PACK
BL-453127,SOZZIS,235000,150,35250000,SZ,PACK
BL-453128,LAMPU,735000,150,110250000,LP,PACK
BL-453129,TRI USAHA JAYA,998730.27,150,149809540.5,TUJ,PACK
BL-453134,TJAHYONO ABADI,584906.73,150,87736009.5,TA,PACK
BL-453135,FREELINE,216000,150,32400000,FREE,PACK
BL-453136,PERMEN,190000,150,28500000,PRM,PACK
BL-453137,BORWITA,194350,150,29152500,TTW,PACK
BL-453138,INTERBIS,431101,150,64665150,ITB,PACK
BL-453139,PIA WILIS,270000,150,40500000,PW,PACK
BL-453140,FREELINE,2916750,150,437512500,FREE,PACK
BL-453141,FREELINE,557500,150,83625000,FREE,PACK
BL-453142,SEMESTA ND,957299.52,150,143594928,SND,PACK
BL-453143,SEMESTA ND,194449.8,150,29167470,SND,PACK
BL-453144,ASIA PP,380646.12,150,57096918,APP,PACK
BL-453145,CLEO,40000,150,6000000,CLEO,PACK
BL-453146,SEMESTA ND,293233.48,150,43985022,SND,PACK
BL-453147,NABATI,562936,150,84440400,NBT,PACK
BL-453148,MUBAROK,1450000,150,217500000,MRK,PACK
BL-453149,WISATA,740000,150,111000000,WST,PACK
BL-453150,SARI RASA,225900,150,33885000,SRRS,PACK
BL-453151,PRASAJA,706700,150,106005000,PRAS,PACK
BL-453152,SUKUN,676605,150,101490750,SKN,PACK
BL-453153,PT TIRTA PRIMA RASA BLORA,522746.05,150,78411907.5,BS,PACK
BL-453154,DWI JAYA,409000,150,61350000,DJ,PACK
BL-453155,PERMEN,156000,150,23400000,PRM,PACK
BL-453156,DJARUM,1396700,150,209505000,SCM,PACK
BL-453157,EFATA ROTI,295000,150,44250000,EFT,PACK
BL-453158,AZKA,367000,150,55050000,NKMT,PACK
BL-453159,SARI RASA,27450,150,4117500,SRRS,PACK
BL-453160,PT GONUSA PRIMA DISTRIBUSI,9595.95,150,1439392.5,GPD,PACK
BL-453161,AIR MANCUR,1545500,150,231825000,AM,PACK
BL-453162,UNTUNG JAYA,826338.39,150,123950758.5,UJY,PACK
BL-453163,PT TIRTA PRIMA RASA BLORA,1347368.5,150,202105275,BS,PACK
BL-453164,JENNY,2672250,150,400837500,JJJ,PACK
BL-453165,KELINCI MAS,200000,150,30000000,KM,PACK
BL-453166,NIKMAT,1510000,150,226500000,NMT,PACK
BL-453167,SINAR BAKERI,209500,150,31425000,SNB,PACK
BL-453168,VENUS,229000,150,34350000,VNS,PACK
BL-453169,MARGA NJ,834413.64,150,125162046,SI,PACK
BL-453170,ARTA BOGA,402708,150,60406200,AB,PACK
BL-453171,YAKULT,113000,150,16950000,Y,PACK
BL-453172,SURYA MADISTRINDO,1575000,150,236250000,SM,PACK
BL-453173,UD SRI REJEKI,102500,150,15375000,SR,PACK
BL-453174,FREELINE,190000,150,28500000,FREE,PACK
BL-453175,ROTI KITA,142000,150,21300000,RK,PACK
BL-453176,AJINOMOTO,1265664,150,189849600,AJ,PACK
BL-453177,FREELINE,264000,150,39600000,FREE,PACK
BL-453178,GERABAH KHORI,2104500,150,315675000,GK,PACK
BL-453179,PT KOSMETIKATAMA SUPER INDAH,4096800,150,614520000,KSI,PACK
BL-453180,GALAKSI,2163858,150,324578700,GL,PACK
BL-453181,TANJUNG,283750,150,42562500,TJG,PACK
BL-453182,INTIDAYA RM,312980,150,46947000,IRM,PACK
BL-453183,JAYA KOSMETIK,90000,150,13500000,JK,PACK
BL-453184,INDOMARCO,2225199.66,150,333779949,IDM,BUAH
BL-453185,PT GUNUNG SUBUR,137598.93,150,20639839.5,GN,BUAH
BL-453186,INDOMARCO,1790134,150,268520100,IDM,BUAH
BL-453187,BERAS MUSTIKA,4805000,150,720750000,BRM,BUAH
BL-453188,ANUGERAH JAYA,477738,150,71660700,MM,BUAH
BL-453189,THONG PERKASA JAYA SENTOSA,322458,150,48368700,TPJ,BUAH
BL-453190,PT SUKA SARI,123000,150,18450000,PT SS,BUAH
BL-453191,SASA,302000,150,45300000,SASA,BUAH
BL-453192,FASTRATA,736553.82,150,110483073,FST,BUAH
BL-453193,PT KOREA TOMORROW,593500,150,89025000,15,BUAH
BL-453194,TARUNAKUSUMA P,932441.51,150,139866226.5,TP,BUAH
BL-453195,SINARMAS,4995655.09,150,749348263.5,SNRM,BUAH
BL-453196,RIDER,1438775,150,215816250,RD,BUAH
BL-453197,GABREZ STIKER,16000,150,2400000,GZ,BUAH
BL-453198,YAKULT,515500,150,77325000,Y,BUAH
BL-453199,FREELINE,600000,150,90000000,FREE,BUAH
BL-453200,TANJUNG,533750,50,26687500,TJG,BUAH
BL-453201,MORODADI,102780,50,5139000,MD,BUAH
BL-453202,ARTA BOGA,419520,50,20976000,AB,BUAH
BL-453203,ARUMANIS HAJI ARDI,290000,50,14500000,AHA,BUAH
BL-453204,TEH DANDANG,597500,50,29875000,DD,BUAH
BL-453205,FORTUNA ABADI,1090200,50,54510000,FTA,BUAH
BL-453206,PT APL,476199.74,50,23809987,APL,BUAH
BL-453207,ABADI,696769.2,50,34838460,JAS,BUAH
BL-453208,PARIT PADANG GLOBAL,925341.51,50,46267075.5,PP,BUAH
BL-453209,CLEO,80000,50,4000000,CLEO,BUAH
BL-453210,FREELINE,175000,50,8750000,FREE,BUAH
BL-453211,MALANG SARI SNACK,385000,50,19250000,M S,BUAH
BL-453212,FREELINE,150000,50,7500000,FREE,BUAH
BL-453213,FREELINE,231380,50,11569000,FREE,BUAH
BL-453214,MULIA SEJAHTERA,807617,50,40380850,SNS,BUAH
BL-453215,PT ENSEVAL PM,1550862.03,50,77543101.5,EPM,BUAH
BL-453216,SURYA KS,2756400,50,137820000,PTSKS,BUAH
BL-453217,PT MNB,780300,50,39015000,MNB,BUAH
BL-453218,SARI RASA,69750,50,3487500,SRRS,BUAH
BL-453219,SARI RASA,243000,50,12150000,SRRS,BUAH
BL-453220,PT ENSEVAL PM,2494268.79,50,124713439.5,EPM,BUAH
BL-453221,GERABAH KHORI,500000,50,25000000,GK,BUAH
BL-453222,ARTA BOGA,462252,50,23112600,AB,BUAH
BL-453223,FREELINE,471000,50,23550000,FREE,BUAH
BL-453224,MINISARI ROTI,294000,50,14700000,MR,BUAH
BL-453225,MADUSARI RT,130000,50,6500000,MS,BUAH
BL-453226,ATK,2549894,50,127494700,ATK,BUAH
BL-453227,COCA COLA,314400,50,15720000,CC,BUAH
BL-453228,TEH DANDANG,115195.8,50,5759790,DD,BUAH
BL-453229,GALAKSI,205813.98,50,10290699,GL,BUAH
BL-453230,JAMBU BRAND PEANUT,475500,50,23775000,JBP,BUAH
BL-453231,DWI JAYA,874000,50,43700000,DJ,BUAH
BL-453232,UNIRAMA DN,721558.61,50,36077930.5,UDN,BUAH
BL-453233,UNIRAMA DN,769758.36,50,38487918,UDN,BUAH
BL-453234,GALAKSI,1802607.81,50,90130390.5,GL,BUAH
BL-453235,ADY CIPTA BAROKAH,835000,50,41750000,ACB,BUAH
BL-453236,TANJUNG,1636900,50,81845000,TJG,BUAH
BL-453237,PT TEMPO,4605049.74,50,230252487,TMP,BUAH
BL-453238,GALAKSI,3566607.6,50,178330380,GL,BUAH
BL-453239,ALFA,168000,50,8400000,ALFA,BUAH
BL-453240,TIGA RAKSA SATRIA,3300645.01,50,165032250.5,TG,BUAH
BL-453241,FREELINE,510000,50,25500000,FREE,BUAH
BL-453242,PT TEMPO,2362427.52,50,118121376,TMP,BUAH
BL-453243,TANJUNG,931000,50,46550000,TJG,BUAH
BL-453244,FREELINE,340000,50,17000000,FREE,BUAH
BL-453245,ANA,2564000,50,128200000,ANA,BUAH
BL-453246,ANA,1503000,50,75150000,ANA,BUAH
BL-453247,SALWA MEBEL,686000,50,34300000,SLW,BUAH
BL-453248,SINAR ABADI,6039184,50,301959200,SAB,BUAH
BL-453249,GERABAH KHORI,216000,50,10800000,GK,BUAH
BL-453250,FREELINE,183200,50,9160000,FREE,BUAH
BL-453251,GERABAH KHORI,2643750,50,132187500,GK,BUAH
BL-453252,FREELINE,1529594,50,76479700,FREE,BUAH
BL-453253,FREELINE,815200,50,40760000,FREE,BUAH
BL-453254,SOZZIS,697000,50,34850000,SZ,BUAH
BL-453255,JAYA KOSMETIK,350000,50,17500000,JK,BUAH
BL-453256,SINAR ABADI,360000,50,18000000,SAB,BUAH
BL-453257,TJAHYONO ABADI,1571552.43,50,78577621.5,TA,BUAH
BL-453258,PERMEN,612000,50,30600000,PRM,BUAH
BL-453259,KRIDHA MNP,124700,50,6235000,KMNP,BUAH
BL-453260,CV WAHYU JAYA,1548463,50,77423150,WJ,BUAH
BL-453261,BORWITA,211154,50,10557700,TTW,BUAH
BL-453262,KRIDHA MNP,280992.06,50,14049603,KMNP,BUAH
BL-453263,SEMESTA ND,222914.64,50,11145732,SND,BUAH
BL-453264,PT GONUSA PRIMA DISTRIBUSI,867549.36,50,43377468,GPD,BUAH
BL-453265,JAS HUJAN,3039500,50,151975000,JH,BUAH
BL-453266,PUSAKA KJ,233500,50,11675000,PKY,BUAH
BL-453267,DJARUM,1774200,50,88710000,SCM,BUAH
BL-453268,POCARI SWEAT,679900,50,33995000,PS,BUAH
BL-453269,FREELINE,1283040,50,64152000,FREE,BUAH
BL-453270,GAWIH JAYA,415850,50,20792500,GJ,BUAH
BL-453271,SARI RASA,23400,50,1170000,SRRS,BUAH
BL-453272,POCARI SWEAT,124700,50,6235000,PS,BUAH
BL-453273,AZKA,407000,50,20350000,NKMT,BUAH
BL-453274,SOZZIS,2428000,50,121400000,SZ,BUAH
BL-453275,TRI USAHA JAYA,311673.57,50,15583678.5,TUJ,BUAH
BL-453276,TRI USAHA JAYA,1678974.9,50,83948745,TUJ,BUAH
BL-453277,MUSTIKA JAYA,1747000,50,87350000,MTKJ,BUAH
BL-453278,MUSTIKA JAYA,583230,50,29161500,MTKJ,BUAH
BL-453279,MUSTIKA JAYA,990567,50,49528350,MTKJ,BUAH
BL-453280,NAT,541786.56,50,27089328,NAT,BUAH
BL-453281,FREELINE,1254500,50,62725000,FREE,BUAH
BL-453282,UD HARI JAYA,595440,50,29772000,HJ,BUAH
BL-453283,USAHA BERKAH,660000,50,33000000,UB,BUAH
BL-453284,VENUS,251000,50,12550000,VNS,BUAH
BL-453285,NIKMAT,1173000,50,58650000,NMT,BUAH
BL-453286,BLORA MAKMUR,618871.91,50,30943595.5,BM,BUAH
BL-453287,ARTA BOGA,170000,50,8500000,AB,BUAH
BL-453288,SUKUN,1634655,50,81732750,SKN,BUAH
BL-453289,PT HM SAMPOERNA TBK,1079500,50,53975000,SPRN,BUAH
BL-453290,YAKULT,113000,50,5650000,Y,BUAH
BL-453291,SURYA MADISTRINDO,1248800,50,62440000,SM,BUAH
BL-453292,TARUNAKUSUMA P,882012.19,50,44100609.5,TP,BUAH
BL-453293,PINUS MERAH ABADI,186423.93,50,9321196.5,PT PM,BUAH
BL-453294,PINUS MERAH ABADI,136689.3,50,6834465,PT PM,BUAH
BL-453295,INTAN ALAM INDAH,266110,50,13305500,IAI,BUAH
BL-453296,INTAN ALAM INDAH,485406,50,24270300,IAI,BUAH
BL-453297,TANJUNG,1136000,50,56800000,TJG,BUAH
BL-453298,RIZKY SNACK,290000,50,14500000,RIZKY,BUAH
BL-453299,JAVAS TRIPTA GEMALA,447347,50,22367350,JTG,BUAH
BL-453300,SINAR BAKERI,286000,50,14300000,SNB,BUAH
BL-453301,CITRA NIAGA KL,6919568.4,50,345978420,CKL,BUAH
BL-453302,CITRA NIAGA KL,22454721,50,1122736050,CKL,BUAH
BL-453303,AIR MANCUR,1400750,50,70037500,AM,BUAH
BL-453304,ROTI KITA,145500,50,7275000,RK,BUAH
BL-453305,NAT,178843.99,50,8942199.5,NAT,BUAH
BL-453306,PRAMUKA,240000,50,12000000,PRMK,BUAH
BL-453307,INDOMARCO,3179650.49,50,158982524.5,IDM,BUAH
BL-453308,INDOMARCO,1751578,50,87578900,IDM,BUAH
BL-453309,BAGUS,979081.05,50,48954052.5,BGS,BUAH
BL-453310,ABRID SNACK,2585000,50,129250000,ABRID,BUAH
BL-453311,KAORI,3419378,50,170968900,KO,BUAH
BL-453312,HSP KC,1120000,50,56000000,HSP,BUAH
BL-453313,KAORI,1846075,50,92303750,KO,BUAH
BL-453314,YAKULT,483000,50,24150000,Y,BUAH
BL-453315,NAT,768534.7,50,38426735,NAT,BUAH
BL-453316,RN SOUVENIRS,6060404,50,303020200,RN,BUAH
BL-453317,MOY SNACK,810000,50,40500000,MYS,BUAH
BL-453318,MUHADJIR,260000,50,13000000,MHD,BUAH
BL-453319,FREELINE,216000,50,10800000,FREE,BUAH
BL-453320,CUSSON,3157368.36,50,157868418,CUS,BUAH
BL-453321,FASTRATA,133326.54,50,6666327,FST,BUAH
BL-453322,PT DISTRIVERSA BUANA MAS,869130,50,43456500,DBM,BUAH
BL-453323,PT SUKA SARI,123000,50,6150000,PT SS,BUAH
BL-453324,ANUGERAH JAYA,382955,50,19147750,MM,BUAH
BL-453325,SASA,419500,50,20975000,SASA,BUAH
BL-453326,INDOCAFE,364100,50,18205000,IDC,BUAH
BL-453327,MAKIN JAYA,1006019,50,50300950,MK,BUAH
BL-453328,CITRA NIAGA KL,4820905,50,241045250,CKL,BUAH
BL-453329,BERAS MUSTIKA,525000,50,26250000,BRM,BUAH
BL-453330,FREELINE,1183000,50,59150000,FREE,BUAH
BL-453331,PT KOREA TOMORROW,328000,50,16400000,15,BUAH
BL-453332,KANTOR POS,200000,50,10000000,KTP,BUAH
BL-453333,INDOCAFE,247400,50,12370000,IDC,BUAH
BL-453334,FASTRATA,530072.73,50,26503636.5,FST,BUAH
BL-453335,MITRA SARANA PURNA,1171657.17,50,58582858.5,MSP,BUAH
BL-453336,PT SAI INDONESIA,2299547.04,50,114977352,SAI,BUAH
BL-453337,PT TEMPO,753393.84,50,37669692,TMP,BUAH
BL-453338,MONALISA ROTI,56000,50,2800000,MNLS,BUAH
BL-453339,SARI RASA,115200,50,5760000,SRRS,BUAH
BL-453340,MITRA SEHATI SEKATA,1511163,50,75558150,MSS,BUAH
BL-453341,UD SUKA CITA,600000,50,30000000,SC,BUAH
BL-453342,BINA SAN PRIMA,129870,50,6493500,BSP,BUAH
BL-453343,MADUSARI RT,130000,50,6500000,MS,BUAH
BL-453344,MINISARI ROTI,294000,50,14700000,MR,BUAH
BL-453345,TANJUNG,1538750,50,76937500,TJG,BUAH
BL-453346,TRI USAHA JAYA,760301.16,50,38015058,TUJ,BUAH
BL-453347,WARDAH PUTRI,539998.14,50,26999907,WP,BUAH
BL-453348,WARDAH PUTRI,296205.8,50,14810290,WP,BUAH
BL-453349,WARDAH PUTRI,1443991.9,50,72199595,WP,BUAH
BL-453350,FREELINE,560000,50,28000000,FREE,BUAH
BL-453351,WARDAH PUTRI,6991892.15,50,349594607.5,WP,BUAH
BL-453352,SALWA MEBEL,3187608,50,159380400,SLW,BUAH
BL-453353,TONG TJI,94000,50,4700000,TT,BUAH
BL-453354,TEH DANDANG,254000,50,12700000,DD,BUAH
BL-453355,ROKOK,56500,50,2825000,RKK,BUAH
BL-453356,JAYA KOSMETIK,226000,50,11300000,JK,BUAH
BL-453357,LAMPU,905000,50,45250000,LP,BUAH
BL-453358,TJAHYONO ABADI,1711694.04,50,85584702,TA,BUAH
BL-453359,MUSTIKA JAYA,301400,50,15070000,MTKJ,BUAH
BL-453360,SINARMAS,5160314.79,50,258015739.5,SNRM,BUAH
BL-453361,PT K33 DISTRIBUSI,562778.88,50,28138944,K33,BUAH
BL-453362,ADY CIPTA BAROKAH,555000,50,27750000,ACB,BUAH
BL-453363,ALFA,285600,50,14280000,ALFA,BUAH
BL-453364,FREELINE,1081900,50,54095000,FREE,BUAH
BL-453365,FREELINE,72500,50,3625000,FREE,BUAH
BL-453366,TANJUNG,1422100,50,71105000,TJG,BUAH
BL-453367,ANA,144000,50,7200000,ANA,BUAH
BL-453368,FREELINE,2401500,50,120075000,FREE,BUAH
BL-453369,SALWA MEBEL,316000,50,15800000,SLW,BUAH
BL-453370,FREELINE,1125600,50,56280000,FREE,BUAH
BL-453371,CV WAHYU JAYA,1868250,50,93412500,WJ,BUAH
BL-453372,PT TIRTA PRIMA RASA BLORA,1333789,50,66689450,BS,BUAH
BL-453373,COCA COLA,381900,50,19095000,CC,BUAH
BL-453374,CLEO,20000,50,1000000,CLEO,BUAH
BL-453375,BORWITA,222158,50,11107900,TTW,BUAH
BL-453376,KRIDHA MNP,273979.08,50,13698954,KMNP,BUAH
BL-453377,PT SEMESTA DISTRIBUSI INDONESIA,536156.64,50,26807832,SDI,BUAH
BL-453378,PT HM SAMPOERNA TBK,482900,50,24145000,SPRN,BUAH
BL-453379,PERMEN,324000,50,16200000,PRM,BUAH
BL-453380,JAVAS TRIPTA GEMALA,262875,50,13143750,JTG,BUAH
BL-453381,MUSTIKA JAYA,1286759.5,50,64337975,MTKJ,BUAH
BL-453382,SOZZIS,678000,50,33900000,SZ,BUAH
BL-453383,TJAHYONO ABADI,1380253.92,50,69012696,TA,BUAH
BL-453384,GERABAH KHORI,616000,50,30800000,GK,BUAH
BL-453385,FREELINE,648000,50,32400000,FREE,BUAH
BL-453386,ULTRAJAYA,995780,50,49789000,UJ,BUAH
BL-453387,HARLIE CAKE,63500,50,3175000,HC,BUAH
BL-453388,JAYA BERHASIL B,638817.21,50,31940860.5,JBB,BUAH
BL-453389,TARUNAKUSUMA P,241160.91,50,12058045.5,TP,BUAH
BL-453390,ALFA,291000,50,14550000,ALFA,BUAH
BL-453391,SUPRALITA MANDIRI,372940,50,18647000,SPLM,BUAH
BL-453392,DJARUM,1525700,50,76285000,SCM,BUAH
BL-453393,DOUBLE NAM,522000,50,26100000,DN,BUAH
BL-453394,SARI RASA,73800,50,3690000,SRRS,BUAH
BL-453395,SUKUN,1023940,50,51197000,SKN,BUAH
BL-453396,SUMBER PELITA MATARAM,773408.04,50,38670402,SPM,BUAH
BL-453397,SOLUNA,470000,50,23500000,SKAB,BUAH
BL-453398,SUMBER PELITA MATARAM,1566387.6,50,78319380,SPM,BUAH
BL-453399,ORANG ARING,142200,50,7110000,OA,BUAH
BL-453400,ASIA PP,120000,50,6000000,APP,BUAH
BL-453401,GALAKSI,152571.72,50,7628586,GL,BUAH
BL-453402,USAHA BERKAH,726000,50,36300000,UB,BUAH
BL-453403,GALAKSI,4739584.56,50,236979228,GL,BUAH
BL-453404,ANEKA SP,1580000,50,79000000,UDASP,BUAH
BL-453405,EFATA ROTI,568000,50,28400000,EFT,BUAH
BL-453406,SOZZIS,231000,50,11550000,SZ,BUAH
BL-453407,SARI RASA,58500,50,2925000,SRRS,BUAH
BL-453408,AZKA,1000000,50,50000000,NKMT,BUAH
BL-453409,GERABAH KHORI,900000,50,45000000,GK,BUAH
BL-453410,SAPU BOYOLALI,4148000,50,207400000,SPB,BUAH
BL-453411,SO GOOD FOOD,588405.04,50,29420252,S G,BUAH
BL-453412,SO GOOD FOOD,426447.4,50,21322370,S G,BUAH
BL-453413,NIKMAT,1026000,50,51300000,NMT,BUAH
BL-453414,VENUS,243000,50,12150000,VNS,BUAH
BL-453415,ANUGERAH JAYA,2001354,50,100067700,MM,BUAH
BL-453416,MEKAR ABADI,735000,50,36750000,MKR,BUAH
BL-453417,SINAR BAKERI,173000,50,8650000,SNB,BUAH
BL-453418,MARGA NJ,256568.73,50,12828436.5,SI,BUAH
BL-453419,FREELINE,312000,50,15600000,FREE,BUAH
BL-453420,SURYA MADISTRINDO,1216900,50,60845000,SM,BUAH
BL-453421,AIR MANCUR,739500,50,36975000,AM,BUAH
BL-453422,PT ASIA SEJAHTERA PP,455077.44,50,22753872,ASPP,BUAH
BL-453423,USAHA BERKAH,570000,50,28500000,UB,BUAH
BL-453424,SURYA KS,2056800,50,102840000,PTSKS,BUAH
BL-453425,GALAKSI,853750,50,42687500,GL,BUAH
BL-453426,BERAS MUSTIKA,1575000,50,78750000,BRM,BUAH
BL-453427,FREELINE,195000,50,9750000,FREE,BUAH
BL-453428,SARINAH,650000,50,32500000,SRN,BUAH
BL-453429,CV MEKAR TERUS,827925,50,41396250,MKTR,BUAH
BL-453430,FREELINE,197600,50,9880000,FREE,BUAH
BL-453431,ARTA BOGA,474532,50,23726600,AB,BUAH
BL-453432,INDOMARCO,1943021.6,50,97151080,IDM,BUAH
BL-453433,INDOMARCO,464750,50,23237500,IDM,BUAH
BL-453434,INDOMARCO,1495937.25,50,74796862.5,IDM,BUAH
BL-453435,ANUGERAH JAYA,698288,50,34914400,MM,BUAH
BL-453436,FASTRATA,856060.86,50,42803043,FST,BUAH
BL-453437,NUR PRATAMA ELECTRO,528000,50,26400000,NPE,BUAH
BL-453438,PT SUKA SARI,123000,50,6150000,PT SS,BUAH
BL-453439,GABREZ STIKER,298400,50,14920000,GZ,BUAH
BL-453440,SASA,424000,50,21200000,SASA,BUAH
BL-453441,SEKAWAN,518977,200,103795400,HLY,BUAH
BL-453442,NIAGA NUSA ABADI,365300,200,73060000,NNA,BUAH
BL-453443,PT KOREA TOMORROW,390000,200,78000000,15,BUAH
BL-453444,ROTI KITA,79000,200,15800000,RK,BUAH
BL-453445,INTIDAYA RM,410765.5,200,82153100,IRM,BUAH
BL-453446,FREELINE,272000,200,54400000,FREE,BUAH
BL-453447,YAKULT,757000,200,151400000,Y,BUAH
BL-453448,ALFA,894875,200,178975000,ALFA,BUAH
BL-453449,FREELINE,200200,200,40040000,FREE,BUAH
BL-453450,SARI RASA,262800,200,52560000,SRRS,BUAH
BL-453451,PT JAYA ABADI DISTRIBUSI,904306.05,200,180861210,YJA,BUAH
BL-453452,SINARMAS,4768803.41,200,953760682,SNRM,BUAH
BL-453453,DWI JAYA,452000,200,90400000,DJ,BUAH
BL-453454,MENSA BINASUKSES,626615.8,200,125323160,MB,BUAH
BL-453455,FREELINE,145000,200,29000000,FREE,BUAH
BL-453456,KRIDHA MNP,3313296.72,200,662659344,KMNP,BUAH
BL-453457,MULIA SEJAHTERA,569504,200,113900800,SNS,BUAH
BL-453458,MONALISA ROTI,67000,200,13400000,MNLS,BUAH
BL-453459,NAT,599239.05,200,119847810,NAT,BUAH
BL-453460,NAT,2420307.98,200,484061596,NAT,BUAH
BL-453461,INDOMARCO,125440,200,25088000,IDM,BUAH
BL-453462,MITRA SARI CL,41400,200,8280000,MSCL,BUAH
BL-453463,ALFA,14166,200,2833200,ALFA,BUAH
BL-453464,PT HM SAMPOERNA TBK,1056900,200,211380000,SPRN,BUAH
BL-453465,TJAHYONO ABADI,594066.45,200,118813290,TA,BUAH
BL-453466,MADUSARI RT,63000,200,12600000,MS,BUAH
BL-453467,JAMBU BRAND PEANUT,477500,200,95500000,JBP,BUAH
BL-453468,MINISARI ROTI,206000,200,41200000,MR,BUAH
BL-453469,FASTRATA,554496.06,200,110899212,FST,BUAH
BL-453470,BINA SAN PRIMA,895449.21,200,179089842,BSP,BUAH
BL-453471,UBA SNACK,8000,200,1600000,UBAS,BUAH
BL-453472,CAMPINA ICE CREAM,403200.84,200,80640168,CIC,BUAH
BL-453473,FREELINE,49000,200,9800000,FREE,BUAH
BL-453474,TEH DANDANG,183200,200,36640000,DD,BUAH
BL-453475,PINUS MERAH ABADI,195966,200,39193200,PT PM,BUAH
BL-453476,MENSA BINASUKSES,135911.2,200,27182240,MB,BUAH
BL-453477,UNIRAMA DN,259300.44,200,51860088,UDN,BUAH
BL-453478,DAYA MUDA AGUNG,297790.8,200,59558160,DMA,BUAH
BL-453479,GERABAH KHORI,486000,200,97200000,GK,BUAH
BL-453480,CLEO,210000,200,42000000,CLEO,BUAH
BL-453481,ALFA,300000,200,60000000,ALFA,BUAH
BL-453482,FREELINE,1490000,200,298000000,FREE,BUAH
BL-453483,FREELINE,268928,200,53785600,FREE,BUAH
BL-453484,TJAHYONO ABADI,425198.55,200,85039710,TA,BUAH
BL-453485,FREELINE,1476000,200,295200000,FREE,BUAH
BL-453486,KRIPIK 99,180000,200,36000000,KRP,BUAH
BL-453487,FREELINE,104488,200,20897600,FREE,BUAH
BL-453488,FREELINE,255000,200,51000000,FREE,BUAH
BL-453489,TANJUNG,1567250,200,313450000,TJG,BUAH
BL-453490,FREELINE,996000,200,199200000,FREE,BUAH
BL-453491,PT LAMCOS ABADI JAYA,981889.35,200,196377870,LAJ,BUAH
BL-453492,CV WAHYU JAYA,161000,200,32200000,WJ,BUAH
BL-453493,PT SEMESTA DISTRIBUSI INDONESIA,126389.04,200,25277808,SDI,BUAH
BL-453494,JAVAS TRIPTA GEMALA,235379,200,47075800,JTG,BUAH
BL-453495,DEFA PARFUM,794000,200,158800000,DFP,BUAH
BL-453496,PERMEN,428025,200,85605000,PRM,BUAH
BL-453497,KRIDHA MNP,185999.37,200,37199874,KMNP,BUAH
BL-453498,FREELINE,336000,200,67200000,FREE,BUAH
BL-453499,FREELINE,1759700,200,351940000,FREE,BUAH
BL-453500,OLIVER BA,870771.69,200,174154338,OBA,BUAH
BL-453501,PT HM SAMPOERNA TBK,656600,200,131320000,SPRN,BUAH
BL-453502,HASIL BUMI KITA,160000,200,32000000,HBK,BUAH
BL-453503,FREELINE,368698,200,73739600,FREE,BUAH
BL-453504,TANJUNG,609000,200,121800000,TJG,BUAH
BL-453505,CV WAHYU JAYA,955250,200,191050000,WJ,BUAH
BL-453506,TJAHYONO ABADI,582167.25,200,116433450,TA,BUAH
BL-453507,MUSTIKA JAYA,1257964,200,251592800,MTKJ,BUAH
BL-453508,JAYA KOSMETIK,1215000,200,243000000,JK,BUAH
BL-453509,MUSTIKA JAYA,579598,200,115919600,MTKJ,BUAH
BL-453510,SINAR ABADI,5083886,200,1016777200,SAB,BUAH
BL-453511,CENTRAL GEMILANG,26227050,200,5245410000,CG,BUAH
BL-453512,PERMEN,240000,200,48000000,PRM,BUAH
BL-453513,ANUGRAH ARGON M,160541.52,200,32108304,AAM,BUAH
BL-453514,SARI RASA,76500,200,15300000,SRRS,BUAH
BL-453515,KRIDHA MNP,96600,200,19320000,KMNP,BUAH
BL-453516,PT APL,18164.04,200,3632808,APL,BUAH
BL-453517,SAPUTRO ABADI,352497.15,200,70499430,SAK,BUAH
BL-453518,GAWIH JAYA,174300,200,34860000,GJ,BUAH
BL-453519,YAKULT,113000,200,22600000,Y,BUAH
BL-453520,SUKUN,878455,200,175691000,SKN,BUAH
BL-453521,POCARI SWEAT,664200,200,132840000,PS,BUAH
BL-453522,PT TIRTA PRIMA RASA BLORA,676716,200,135343200,BS,BUAH
BL-453523,SARI RASA,36450,200,7290000,SRRS,BUAH
BL-453524,DJARUM,1489000,200,297800000,SCM,BUAH
BL-453525,FREELINE,190000,200,38000000,FREE,BUAH
BL-453526,AZKA,712000,200,142400000,NKMT,BUAH
BL-453527,EFATA ROTI,527000,200,105400000,EFT,BUAH
BL-453528,SOZZIS,1176000,200,235200000,SZ,BUAH
BL-453529,FREELINE,771200,200,154240000,FREE,BUAH
BL-453530,FREELINE,412200,200,82440000,FREE,BUAH
BL-453531,TARUNAKUSUMA P,150538.47,200,30107694,TP,BUAH
BL-453532,SURYA MADISTRINDO,1148250,200,229650000,SM,BUAH
BL-453533,THONG PERKASA JAYA SENTOSA,134868,200,26973600,TPJ,BUAH
BL-453534,AIR MANCUR,763000,200,152600000,AM,BUAH
BL-453535,BLORA MAKMUR,491144.6,200,98228920,BM,BUAH
BL-453536,NIKMAT,1542000,200,308400000,NMT,BUAH
BL-453537,VENUS,319000,200,63800000,VNS,BUAH
BL-453538,UNTUNG JAYA,666192.03,200,133238406,UJY,BUAH
BL-453539,SINAR BAKERI,298000,200,59600000,SNB,BUAH
BL-453540,ALFA,175500,200,35100000,ALFA,BUAH
BL-453541,GALAKSI,344674.98,200,68934996,GL,BUAH
BL-453542,PINUS MERAH ABADI,378718,200,75743600,PT PM,BUAH
BL-453543,MITRA SEHATI SEKATA,1178763,200,235752600,MSS,BUAH
BL-453544,SOZZIS,470000,200,94000000,SZ,BUAH
BL-453545,PINUS MERAH ABADI,236880,200,47376000,PT PM,BUAH
BL-453546,FREELINE,620000,200,124000000,FREE,BUAH
BL-453547,FREELINE,864000,200,172800000,FREE,BUAH
BL-453548,USAHA JAYA,1002878.34,200,200575668,USJY,BUAH
BL-453549,KAOS KAKI,1938300,200,387660000,KK,BUAH
BL-453550,KOREK,330000,200,66000000,KRK,BUAH
BL-453551,INDOMARCO,1649565,200,329913000,IDM,BUAH
BL-453552,CATUR SENTOSA A,443290.1,200,88658020,CSA,BUAH
BL-453553,PT ENSEVAL PM,151466.09,200,30293218,EPM,BUAH
BL-453554,CITRA NIAGA KL,5083264,200,1016652800,CKL,BUAH
BL-453555,SASA,230000,200,46000000,SASA,BUAH
BL-453556,INDOMARCO,2532204,200,506440800,IDM,BUAH
BL-453557,PT SUKA SARI,123000,200,24600000,PT SS,BUAH
BL-453558,FREELINE,150000,200,30000000,FREE,BUAH
BL-453559,KOPI LELET,416000,200,83200000,KL,BUAH
BL-453560,PRIMA,742140,200,148428000,PR,BUAH
BL-453561,PT TOTAL MANDIRI FARMA,208000,200,41600000,TMF,BUAH
BL-453562,INDOCAFE,247400,200,49480000,IDC,BUAH
BL-453563,FASTRATA,509908.47,200,101981694,FST,BUAH
BL-453564,MAKIN JAYA,1278912,200,255782400,MK,BUAH
BL-453565,YAKULT,161000,200,32200000,Y,BUAH
BL-453566,PT KOREA TOMORROW,531500,200,106300000,15,BUAH
BL-453567,TRI USAHA JAYA,1432902.33,200,286580466,TUJ,BUAH
BL-453568,TRI USAHA JAYA,3998379.14,200,799675828,TUJ,BUAH
BL-453569,FREELINE,1032340,200,206468000,FREE,BUAH
BL-453570,TONG TJI,183000,200,36600000,TT,BUAH
BL-453571,SARI RASA,318600,200,63720000,SRRS,BUAH
BL-453572,DWI JAYA,835750,200,167150000,DJ,BUAH
BL-453573,UD HARI JAYA,660122,200,132024400,HJ,BUAH
BL-453574,SARI RASA,38700,200,7740000,SRRS,BUAH
BL-453575,CITRA NIAGA KL,14181034.5,200,2836206900,CKL,BUAH
BL-453576,INDOMARCO,2044982.33,250,511245582.5,IDM,BUAH
BL-453577,MULIA SEJAHTERA,764495,250,191123750,SNS,BUAH
BL-453578,FREELINE,71000,250,17750000,FREE,BUAH
BL-453579,INDOMARCO,116130,250,29032500,IDM,BUAH
BL-453580,MADUSARI RT,82000,250,20500000,MS,BUAH
BL-453581,MUSTIKA JAYA,336700,250,84175000,MTKJ,BUAH
BL-453582,MUSTIKA JAYA,1009950,250,252487500,MTKJ,BUAH
BL-453583,FASTRATA,451145.07,250,112786267.5,FST,BUAH
BL-453584,ADY CIPTA BAROKAH,1050000,250,262500000,ACB,BUAH
BL-453585,TANJUNG,950250,250,237562500,TJG,BUAH
BL-453586,JAYA KOSMETIK,166000,250,41500000,JK,BUAH
BL-453587,COCA COLA,701900,250,175475000,CC,BUAH
BL-453588,TJAHYONO ABADI,1322062.17,250,330515542.5,TA,PACK
BL-453589,ALFA,243000,250,60750000,ALFA,PACK
